# 3ds Max Wavefront OBJ Exporter v0.97b - (c)2007 guruware
# File Created: 25.04.2016 10:08:53

mtllib watchtower_square.mtl

#
# object Tower
#

v  -32.5000 110.0000 32.5000
v  32.5000 110.0000 32.5000
v  33.4627 110.0000 35.0358
v  -33.4627 110.0000 35.0357
v  32.5000 110.0000 -32.5000
v  35.0357 110.0000 -33.4627
v  35.0357 110.0000 33.4627
v  -32.5000 110.0000 -32.5000
v  -33.4627 110.0000 -35.0357
v  33.4627 110.0000 -35.0357
v  -35.0357 110.0000 33.4627
v  -35.0357 110.0000 -33.4627
v  -35.3931 110.6759 33.8201
v  -33.8201 110.6759 35.3931
v  -1.7062 144.6340 3.2792
v  -3.2792 144.6340 1.7062
v  33.8201 110.6759 35.3931
v  35.3931 110.6759 33.8201
v  3.2792 144.6340 1.7062
v  1.7062 144.6340 3.2792
v  -33.8201 110.6759 -35.3931
v  -35.3931 110.6759 -33.8201
v  -3.2792 144.6340 -1.7062
v  -1.7062 144.6340 -3.2792
v  35.3931 110.6759 -33.8201
v  33.8201 110.6759 -35.3931
v  1.7062 144.6340 -3.2792
v  3.2792 144.6340 -1.7062
v  -33.6414 110.3379 -35.2144
v  -35.2144 110.3379 -33.6414
v  2.9219 143.9581 -1.3489
v  5.1077 142.1736 -3.5347
v  4.9290 141.8357 -3.3560
v  7.1148 140.0513 -5.5418
v  6.9361 139.7133 -5.3631
v  9.1219 137.9289 -7.5489
v  8.9433 137.5910 -7.3702
v  11.1290 135.8065 -9.5560
v  10.9504 135.4686 -9.3773
v  13.1362 133.6841 -11.5631
v  12.9575 133.3462 -11.3845
v  15.1433 131.5618 -13.5703
v  14.9646 131.2238 -13.3916
v  17.1504 129.4394 -15.5774
v  16.9717 129.1014 -15.3987
v  19.1575 127.3170 -17.5845
v  18.9788 126.9790 -17.4058
v  21.1646 125.1946 -19.5916
v  20.9859 124.8567 -19.4129
v  23.1717 123.0722 -21.5987
v  22.9931 122.7343 -21.4200
v  25.1788 120.9498 -23.6058
v  25.0002 120.6119 -23.4272
v  27.1860 118.8275 -25.6129
v  27.0073 118.4895 -25.4343
v  29.1931 116.7051 -27.6201
v  29.0144 116.3671 -27.4414
v  31.2002 114.5827 -29.6272
v  31.0215 114.2448 -29.4485
v  33.2073 112.4603 -31.6343
v  33.0286 112.1224 -31.4556
v  35.2144 110.3379 -33.6414
v  35.2144 110.3379 33.6414
v  33.2073 112.4603 31.6343
v  33.0286 112.1224 31.4556
v  31.0215 114.2448 29.4485
v  31.2002 114.5827 29.6272
v  29.0144 116.3671 27.4414
v  29.1931 116.7051 27.6201
v  27.0073 118.4895 25.4343
v  27.1860 118.8275 25.6129
v  25.0002 120.6119 23.4272
v  25.1788 120.9498 23.6058
v  22.9931 122.7343 21.4200
v  23.1717 123.0722 21.5987
v  20.9859 124.8567 19.4129
v  21.1646 125.1946 19.5916
v  18.9788 126.9790 17.4058
v  19.1575 127.3170 17.5845
v  16.9717 129.1014 15.3987
v  17.1504 129.4394 15.5774
v  14.9646 131.2238 13.3916
v  15.1433 131.5618 13.5703
v  12.9575 133.3462 11.3845
v  13.1362 133.6841 11.5631
v  10.9504 135.4686 9.3773
v  11.1290 135.8065 9.5560
v  8.9433 137.5910 7.3702
v  9.1219 137.9289 7.5489
v  6.9361 139.7133 5.3631
v  7.1148 140.0513 5.5418
v  4.9290 141.8357 3.3560
v  5.1077 142.1736 3.5347
v  2.9219 143.9581 1.3489
v  1.3489 143.9581 2.9219
v  3.5347 142.1736 5.1077
v  3.3560 141.8357 4.9290
v  5.5418 140.0513 7.1148
v  5.3631 139.7133 6.9361
v  7.5489 137.9289 9.1219
v  7.3702 137.5910 8.9433
v  9.5560 135.8065 11.1290
v  9.3773 135.4686 10.9504
v  11.5631 133.6841 13.1362
v  11.3845 133.3462 12.9575
v  13.5703 131.5618 15.1433
v  13.3916 131.2238 14.9646
v  15.5774 129.4394 17.1504
v  15.3987 129.1014 16.9717
v  17.5845 127.3170 19.1575
v  17.4058 126.9790 18.9788
v  19.5916 125.1946 21.1646
v  19.4129 124.8567 20.9859
v  21.5987 123.0722 23.1717
v  21.4200 122.7343 22.9931
v  23.6058 120.9498 25.1788
v  23.4272 120.6119 25.0002
v  25.6129 118.8275 27.1860
v  25.4343 118.4895 27.0073
v  27.6201 116.7051 29.1931
v  27.4414 116.3671 29.0144
v  29.6272 114.5827 31.2002
v  29.4485 114.2448 31.0215
v  31.6343 112.4603 33.2073
v  31.4556 112.1224 33.0286
v  33.6414 110.3379 35.2144
v  -33.6414 110.3379 35.2144
v  -31.6343 112.4603 33.2073
v  -31.4556 112.1224 33.0286
v  -29.4485 114.2448 31.0215
v  -29.6272 114.5827 31.2002
v  -27.4414 116.3671 29.0144
v  -27.6201 116.7051 29.1931
v  -25.4343 118.4895 27.0073
v  -25.6129 118.8275 27.1860
v  -23.4272 120.6119 25.0002
v  -23.6058 120.9498 25.1788
v  -21.4200 122.7343 22.9931
v  -21.5987 123.0722 23.1717
v  -19.4129 124.8567 20.9859
v  -19.5916 125.1946 21.1646
v  -17.4058 126.9790 18.9788
v  -17.5845 127.3170 19.1575
v  -15.3987 129.1014 16.9717
v  -15.5774 129.4394 17.1504
v  -13.3916 131.2238 14.9646
v  -13.5703 131.5618 15.1433
v  -11.3845 133.3462 12.9575
v  -11.5631 133.6841 13.1362
v  -9.3773 135.4686 10.9504
v  -9.5560 135.8065 11.1290
v  -7.3702 137.5910 8.9432
v  -7.5489 137.9289 9.1219
v  -5.3631 139.7133 6.9361
v  -5.5418 140.0513 7.1148
v  -3.3560 141.8357 4.9290
v  -3.5347 142.1736 5.1077
v  -1.3489 143.9581 2.9219
v  -1.3489 143.9581 -2.9219
v  -3.5347 142.1736 -5.1077
v  -3.3560 141.8357 -4.9290
v  -5.5418 140.0513 -7.1148
v  -5.3631 139.7133 -6.9361
v  -7.5489 137.9289 -9.1219
v  -7.3702 137.5910 -8.9433
v  -9.5560 135.8065 -11.1290
v  -9.3773 135.4686 -10.9504
v  -11.5631 133.6841 -13.1362
v  -11.3845 133.3462 -12.9575
v  -13.5703 131.5618 -15.1433
v  -13.3916 131.2238 -14.9646
v  -15.5774 129.4394 -17.1504
v  -15.3987 129.1014 -16.9717
v  -17.5845 127.3170 -19.1575
v  -17.4058 126.9790 -18.9788
v  -19.5916 125.1946 -21.1646
v  -19.4129 124.8567 -20.9859
v  -21.5987 123.0722 -23.1717
v  -21.4200 122.7343 -22.9931
v  -23.6058 120.9498 -25.1788
v  -23.4272 120.6119 -25.0002
v  -25.6129 118.8275 -27.1860
v  -25.4343 118.4895 -27.0073
v  -27.6201 116.7051 -29.1931
v  -27.4414 116.3671 -29.0144
v  -29.6272 114.5827 -31.2002
v  -29.4485 114.2448 -31.0215
v  -31.6343 112.4603 -33.2073
v  -31.4556 112.1224 -33.0286
v  33.6414 110.3379 -35.2144
v  31.6343 112.4603 -33.2073
v  31.4556 112.1224 -33.0286
v  29.4485 114.2448 -31.0215
v  29.6272 114.5827 -31.2002
v  27.4414 116.3671 -29.0144
v  27.6201 116.7051 -29.1931
v  25.4343 118.4895 -27.0073
v  25.6129 118.8275 -27.1860
v  23.4272 120.6119 -25.0002
v  23.6058 120.9498 -25.1788
v  21.4200 122.7343 -22.9931
v  21.5987 123.0722 -23.1717
v  19.4129 124.8567 -20.9859
v  19.5916 125.1946 -21.1646
v  17.4058 126.9790 -18.9788
v  17.5845 127.3170 -19.1575
v  15.3987 129.1014 -16.9717
v  15.5774 129.4394 -17.1504
v  13.3916 131.2238 -14.9646
v  13.5703 131.5618 -15.1433
v  11.3845 133.3462 -12.9575
v  11.5631 133.6841 -13.1362
v  9.3773 135.4686 -10.9504
v  9.5560 135.8065 -11.1290
v  7.3702 137.5910 -8.9433
v  7.5489 137.9289 -9.1219
v  5.3631 139.7133 -6.9361
v  5.5418 140.0513 -7.1148
v  3.3560 141.8357 -4.9290
v  3.5347 142.1736 -5.1077
v  1.3489 143.9581 -2.9219
v  -2.9219 143.9581 1.3489
v  -5.1077 142.1736 3.5347
v  -4.9290 141.8357 3.3560
v  -7.1148 140.0513 5.5418
v  -6.9361 139.7133 5.3631
v  -9.1219 137.9289 7.5489
v  -8.9433 137.5910 7.3702
v  -11.1290 135.8065 9.5560
v  -10.9504 135.4686 9.3773
v  -13.1362 133.6841 11.5631
v  -12.9575 133.3462 11.3845
v  -15.1433 131.5618 13.5703
v  -14.9646 131.2238 13.3916
v  -17.1504 129.4394 15.5774
v  -16.9717 129.1014 15.3987
v  -19.1575 127.3170 17.5845
v  -18.9788 126.9790 17.4058
v  -21.1646 125.1946 19.5916
v  -20.9859 124.8567 19.4129
v  -23.1717 123.0722 21.5987
v  -22.9931 122.7343 21.4200
v  -25.1788 120.9498 23.6058
v  -25.0002 120.6119 23.4272
v  -27.1860 118.8275 25.6129
v  -27.0073 118.4895 25.4343
v  -29.1931 116.7051 27.6201
v  -29.0144 116.3671 27.4414
v  -31.2002 114.5827 29.6272
v  -31.0215 114.2448 29.4485
v  -33.2073 112.4603 31.6343
v  -33.0286 112.1224 31.4556
v  -35.2144 110.3379 33.6414
v  -33.2073 112.4603 -31.6343
v  -33.0286 112.1224 -31.4556
v  -31.0215 114.2448 -29.4485
v  -31.2002 114.5827 -29.6272
v  -29.0144 116.3671 -27.4414
v  -29.1931 116.7051 -27.6201
v  -27.0073 118.4895 -25.4343
v  -27.1860 118.8275 -25.6129
v  -25.0002 120.6119 -23.4272
v  -25.1788 120.9498 -23.6058
v  -22.9931 122.7343 -21.4200
v  -23.1717 123.0722 -21.5987
v  -20.9859 124.8567 -19.4129
v  -21.1646 125.1946 -19.5916
v  -18.9788 126.9790 -17.4058
v  -19.1575 127.3170 -17.5845
v  -16.9717 129.1014 -15.3987
v  -17.1504 129.4394 -15.5774
v  -14.9646 131.2238 -13.3916
v  -15.1433 131.5618 -13.5703
v  -12.9575 133.3462 -11.3845
v  -13.1362 133.6841 -11.5631
v  -10.9504 135.4686 -9.3773
v  -11.1290 135.8065 -9.5560
v  -8.9433 137.5910 -7.3702
v  -9.1219 137.9289 -7.5489
v  -6.9361 139.7133 -5.3631
v  -7.1148 140.0513 -5.5418
v  -4.9290 141.8357 -3.3560
v  -5.1077 142.1736 -3.5347
v  -2.9219 143.9581 -1.3489
v  -32.5000 80.0000 32.5000
v  -32.5000 80.0000 -32.5000
v  -15.2448 80.0000 -15.2448
v  -15.2448 80.0000 15.2448
v  32.5000 80.0000 -32.5000
v  15.2448 80.0000 -15.2448
v  32.5000 80.0000 32.5000
v  15.2448 80.0000 15.2448
v  30.7000 81.8000 32.5000
v  -30.7000 81.8000 32.5000
v  30.7000 108.2000 32.5000
v  -30.7000 108.2000 32.5000
v  32.5000 108.2000 -30.7000
v  32.5000 81.8000 -30.7000
v  32.5000 108.2000 30.7000
v  32.5000 81.8000 30.7000
v  -30.7000 81.8000 -32.5000
v  30.7000 81.8000 -32.5000
v  -30.7000 108.2000 -32.5000
v  30.7000 108.2000 -32.5000
v  -32.5000 81.8000 30.7000
v  -32.5000 81.8000 -30.7000
v  -32.5000 108.2000 30.7000
v  -32.5000 108.2000 -30.7000
v  -32.1400 81.8000 -19.4200
v  -30.8244 81.8000 -19.4178
v  -30.8244 81.8000 -30.7002
v  -32.1400 81.8000 -17.4200
v  -32.1400 81.8000 -7.1400
v  -30.8244 81.8000 30.6987
v  -30.8244 81.8000 19.4152
v  -32.1400 81.8000 19.4200
v  -32.1400 81.8000 17.4200
v  -32.1400 81.8000 7.1400
v  -30.8252 81.8000 17.4200
v  -30.8252 81.8000 7.1400
v  -32.1400 81.8000 5.1400
v  -32.1400 81.8000 -5.1400
v  -30.8244 81.8000 5.1400
v  -30.8244 81.8000 -5.1400
v  -30.8252 81.8000 -17.4200
v  -30.8252 81.8000 -7.1400
v  17.4200 88.6920 31.6600
v  17.4200 88.6920 30.7000
v  17.4200 81.8000 30.7000
v  17.4200 81.8000 32.1400
v  17.4200 89.6920 31.6600
v  17.4200 100.3080 31.6600
v  17.4200 108.2000 32.1400
v  17.4200 108.2000 30.7000
v  17.4200 101.3080 30.7000
v  17.4200 101.3080 31.6600
v  17.4200 100.3080 30.7000
v  17.4200 89.6920 30.7000
v  19.4200 108.2000 32.1400
v  19.4200 81.8000 32.1400
v  7.1400 89.6920 30.7000
v  7.1400 100.3080 30.7000
v  7.1400 100.3080 31.6600
v  7.1400 89.6920 31.6600
v  7.1400 101.3080 31.6600
v  7.1400 101.3080 30.7000
v  7.1400 108.2000 30.7000
v  7.1400 81.8000 32.1400
v  7.1400 108.2000 32.1400
v  7.1400 81.8000 30.7000
v  7.1400 88.6920 30.7000
v  7.1400 88.6920 31.6600
v  5.1400 108.2000 32.1400
v  5.1400 81.8000 32.1400
v  -7.1400 100.3080 30.7000
v  -7.1400 89.6920 30.7000
v  -7.1400 89.6920 31.6600
v  -7.1400 100.3080 31.6600
v  -7.1400 88.6920 31.6600
v  -7.1400 88.6920 30.7000
v  -7.1400 81.8000 30.7000
v  -7.1400 81.8000 32.1400
v  -7.1400 108.2000 32.1400
v  -7.1400 108.2000 30.7000
v  -7.1400 101.3080 30.7000
v  -7.1400 101.3080 31.6600
v  -5.1400 81.8000 32.1400
v  -5.1400 108.2000 32.1400
v  -17.4200 101.3080 31.6600
v  -17.4200 101.3080 30.7000
v  -17.4200 108.2000 30.7000
v  -17.4200 81.8000 32.1400
v  -17.4200 108.2000 32.1400
v  -17.4200 100.3080 31.6600
v  -17.4200 89.6920 31.6600
v  -17.4200 81.8000 30.7000
v  -17.4200 88.6920 30.7000
v  -17.4200 88.6920 31.6600
v  -17.4200 89.6920 30.7000
v  -17.4200 100.3080 30.7000
v  -19.4200 81.8000 32.1400
v  -19.4200 108.2000 32.1400
v  -31.6600 88.6920 17.4200
v  -30.8252 88.6920 17.4200
v  -31.6600 89.6920 17.4200
v  -31.6600 100.3080 17.4200
v  -32.1400 108.2000 17.4200
v  -30.8252 108.2000 17.4200
v  -30.8252 101.3080 17.4200
v  -31.6600 101.3080 17.4200
v  -30.7000 100.3080 17.4200
v  -30.7000 89.6920 17.4200
v  -32.1400 108.2000 19.4200
v  -30.7000 89.6920 7.1400
v  -30.7000 100.3080 7.1400
v  -31.6600 100.3080 7.1400
v  -31.6600 89.6920 7.1400
v  -31.6600 101.3080 7.1400
v  -30.8252 101.3080 7.1400
v  -30.8252 108.2000 7.1400
v  -32.1400 108.2000 7.1400
v  -30.8252 88.6920 7.1400
v  -31.6600 88.6920 7.1400
v  -32.1400 108.2000 5.1400
v  -30.7000 100.3080 -7.1400
v  -30.7000 89.6920 -7.1400
v  -31.6600 89.6920 -7.1400
v  -31.6600 100.3080 -7.1400
v  -31.6600 88.6920 -7.1400
v  -30.8252 88.6920 -7.1400
v  -32.1400 108.2000 -7.1400
v  -30.8252 108.2000 -7.1400
v  -30.8252 101.3080 -7.1400
v  -31.6600 101.3080 -7.1400
v  -32.1400 108.2000 -5.1400
v  -31.6600 101.3080 -17.4200
v  -30.8252 101.3080 -17.4200
v  -30.8252 108.2000 -17.4200
v  -32.1400 108.2000 -17.4200
v  -31.6600 100.3080 -17.4200
v  -31.6600 89.6920 -17.4200
v  -30.8252 88.6920 -17.4200
v  -31.6600 88.6920 -17.4200
v  -30.7000 89.6920 -17.4200
v  -30.7000 100.3080 -17.4200
v  -32.1400 108.2000 -19.4200
v  -17.4200 88.6920 -31.6600
v  -17.4200 88.6920 -30.7000
v  -17.4200 81.8000 -30.7000
v  -17.4200 81.8000 -32.1400
v  -17.4200 89.6920 -31.6600
v  -17.4200 100.3080 -31.6600
v  -17.4200 108.2000 -32.1400
v  -17.4200 108.2000 -30.7000
v  -17.4200 101.3080 -30.7000
v  -17.4200 101.3080 -31.6600
v  -17.4200 100.3080 -30.7000
v  -17.4200 89.6920 -30.7000
v  -19.4200 108.2000 -32.1400
v  -19.4200 81.8000 -32.1400
v  -7.1400 89.6920 -30.7000
v  -7.1400 100.3080 -30.7000
v  -7.1400 100.3080 -31.6600
v  -7.1400 89.6920 -31.6600
v  -7.1400 101.3080 -31.6600
v  -7.1400 101.3080 -30.7000
v  -7.1400 108.2000 -30.7000
v  -7.1400 81.8000 -32.1400
v  -7.1400 108.2000 -32.1400
v  -7.1400 81.8000 -30.7000
v  -7.1400 88.6920 -30.7000
v  -7.1400 88.6920 -31.6600
v  -5.1400 108.2000 -32.1400
v  -5.1400 81.8000 -32.1400
v  7.1400 100.3080 -30.7000
v  7.1400 89.6920 -30.7000
v  7.1400 89.6920 -31.6600
v  7.1400 100.3080 -31.6600
v  7.1400 88.6920 -31.6600
v  7.1400 88.6920 -30.7000
v  7.1400 81.8000 -30.7000
v  7.1400 81.8000 -32.1400
v  7.1400 108.2000 -32.1400
v  7.1400 108.2000 -30.7000
v  7.1400 101.3080 -30.7000
v  7.1400 101.3080 -31.6600
v  5.1400 81.8000 -32.1400
v  5.1400 108.2000 -32.1400
v  17.4200 101.3080 -31.6600
v  17.4200 101.3080 -30.7000
v  17.4200 108.2000 -30.7000
v  17.4200 81.8000 -32.1400
v  17.4200 108.2000 -32.1400
v  17.4200 100.3080 -31.6600
v  17.4200 89.6920 -31.6600
v  17.4200 81.8000 -30.7000
v  17.4200 88.6920 -30.7000
v  17.4200 88.6920 -31.6600
v  17.4200 89.6920 -30.7000
v  17.4200 100.3080 -30.7000
v  19.4200 81.8000 -32.1400
v  19.4200 108.2000 -32.1400
v  31.8072 88.6920 -17.4200
v  30.8472 88.6920 -17.4200
v  30.8472 81.8000 -17.4200
v  32.1400 81.8000 -17.4200
v  31.8072 89.6920 -17.4200
v  31.8072 100.3080 -17.4200
v  32.1400 108.2000 -17.4200
v  30.8472 108.2000 -17.4200
v  30.8472 101.3080 -17.4200
v  31.8072 101.3080 -17.4200
v  30.8472 100.3080 -17.4200
v  30.8472 89.6920 -17.4200
v  32.1400 108.2000 -19.4200
v  32.1400 81.8000 -19.4200
v  30.8472 89.6920 -7.1400
v  30.8472 100.3080 -7.1400
v  31.8072 100.3080 -7.1400
v  31.8072 89.6920 -7.1400
v  31.8072 101.3080 -7.1400
v  30.8472 101.3080 -7.1400
v  30.8472 108.2000 -7.1400
v  32.1400 81.8000 -7.1400
v  32.1400 108.2000 -7.1400
v  30.8472 81.8000 -7.1400
v  30.8472 88.6920 -7.1400
v  31.8072 88.6920 -7.1400
v  32.1400 108.2000 -5.1400
v  32.1400 81.8000 -5.1400
v  30.8472 100.3080 7.1400
v  30.8472 89.6920 7.1400
v  31.8072 89.6920 7.1400
v  31.8072 100.3080 7.1400
v  31.8072 88.6920 7.1400
v  30.8472 88.6920 7.1400
v  30.8472 81.8000 7.1400
v  32.1400 108.2000 7.1400
v  32.1400 81.8000 7.1400
v  30.8472 108.2000 7.1400
v  30.8472 101.3080 7.1400
v  31.8072 101.3080 7.1400
v  32.1400 81.8000 5.1400
v  32.1400 108.2000 5.1400
v  31.8072 101.3080 17.4200
v  30.8472 101.3080 17.4200
v  30.8472 108.2000 17.4200
v  32.1400 81.8000 17.4200
v  32.1400 108.2000 17.4200
v  31.8072 100.3080 17.4200
v  31.8072 89.6920 17.4200
v  30.8472 81.8000 17.4200
v  30.8472 88.6920 17.4200
v  31.8072 88.6920 17.4200
v  30.8472 89.6920 17.4200
v  30.8472 100.3080 17.4200
v  32.1400 81.8000 19.4200
v  32.1400 108.2000 19.4200
v  30.8472 108.2000 5.1400
v  30.8472 108.2000 -5.1400
v  30.8472 108.2000 -19.4178
v  30.8472 108.2000 -30.7002
v  30.8472 108.2000 30.6987
v  30.8472 108.2000 19.4152
v  30.8472 81.8000 -5.1400
v  30.8472 81.8000 5.1400
v  30.8472 81.8000 19.4152
v  30.8472 81.8000 30.6987
v  30.8472 81.8000 -30.7002
v  30.8472 81.8000 -19.4178
v  31.4936 91.0700 -5.1400
v  31.4936 91.6700 -5.1400
v  31.4936 84.4100 5.1400
v  31.4936 83.8100 5.1400
v  30.8472 91.6700 -5.1400
v  30.8472 84.4100 5.1400
v  30.8472 91.0700 -5.1400
v  30.8472 83.8100 5.1400
v  30.8472 105.5900 -5.1400
v  31.4936 105.5900 -5.1400
v  31.4936 98.3300 5.1400
v  30.8472 98.3300 5.1400
v  31.4936 106.1900 -5.1400
v  31.4936 98.9300 5.1400
v  30.8472 106.1900 -5.1400
v  30.8472 98.9300 5.1400
v  31.4936 91.0700 -30.7002
v  31.4936 91.6700 -30.7002
v  31.4936 84.4100 -19.4178
v  31.4936 83.8100 -19.4178
v  30.8472 91.6700 -30.7002
v  30.8472 84.4100 -19.4178
v  30.8472 91.0700 -30.7002
v  30.8472 83.8100 -19.4178
v  30.8472 105.5900 -30.7002
v  31.4936 105.5900 -30.7002
v  31.4936 98.3300 -19.4178
v  30.8472 98.3300 -19.4178
v  31.4936 106.1900 -30.7002
v  31.4936 98.9300 -19.4178
v  30.8472 106.1900 -30.7002
v  30.8472 98.9300 -19.4178
v  31.4936 91.0700 19.4152
v  31.4936 91.6700 19.4152
v  31.4936 84.4100 30.6987
v  31.4936 83.8100 30.6987
v  30.8472 91.6700 19.4152
v  30.8472 84.4100 30.6987
v  30.8472 91.0700 19.4152
v  30.8472 83.8100 30.6987
v  30.8472 105.5900 19.4152
v  31.4936 105.5900 19.4152
v  31.4936 98.3300 30.6987
v  30.8472 98.3300 30.6987
v  31.4936 106.1900 19.4152
v  31.4936 98.9300 30.6987
v  30.8472 106.1900 19.4152
v  30.8472 98.9300 30.6987
v  19.4127 108.2000 30.7019
v  30.6962 108.2000 30.7019
v  -30.7027 108.2000 30.7019
v  -19.4203 108.2000 30.7019
v  -5.1425 108.2000 30.7019
v  5.1375 108.2000 30.7019
v  -5.1425 91.0700 31.3483
v  5.1375 83.8100 31.3483
v  5.1375 84.4100 31.3483
v  -5.1425 91.6700 31.3483
v  5.1375 84.4100 30.7019
v  -5.1425 91.6700 30.7019
v  -5.1425 91.0700 30.7019
v  5.1375 83.8100 30.7019
v  -5.1425 105.5900 30.7019
v  5.1375 98.3300 30.7019
v  5.1375 98.3300 31.3483
v  -5.1425 105.5900 31.3483
v  5.1375 98.9300 31.3483
v  -5.1425 106.1900 31.3483
v  5.1375 98.9300 30.7019
v  -5.1425 106.1900 30.7019
v  -5.1425 81.8000 30.7019
v  5.1375 81.8000 30.7019
v  -30.7027 91.0700 31.3483
v  -19.4203 83.8100 31.3483
v  -19.4203 84.4100 31.3483
v  -30.7027 91.6700 31.3483
v  -19.4203 84.4100 30.7019
v  -30.7027 91.6700 30.7019
v  -30.7027 91.0700 30.7019
v  -19.4203 83.8100 30.7019
v  -30.7027 105.5900 30.7019
v  -19.4203 98.3300 30.7019
v  -19.4203 98.3300 31.3483
v  -30.7027 105.5900 31.3483
v  -19.4203 98.9300 31.3483
v  -30.7027 106.1900 31.3483
v  -19.4203 98.9300 30.7019
v  -30.7027 106.1900 30.7019
v  -30.7027 81.8000 30.7019
v  -19.4203 81.8000 30.7019
v  30.6962 81.8000 30.7019
v  19.4127 81.8000 30.7019
v  19.4127 91.0700 31.3483
v  30.6962 83.8100 31.3483
v  30.6962 84.4100 31.3483
v  19.4127 91.6700 31.3483
v  30.6962 84.4100 30.7019
v  19.4127 91.6700 30.7019
v  19.4127 91.0700 30.7019
v  30.6962 83.8100 30.7019
v  19.4127 105.5900 30.7019
v  30.6962 98.3300 30.7019
v  30.6962 98.3300 31.3483
v  19.4127 105.5900 31.3483
v  30.6962 98.9300 31.3483
v  19.4127 106.1900 31.3483
v  30.6962 98.9300 30.7019
v  19.4127 106.1900 30.7019
v  -31.4709 91.0700 -5.1400
v  -31.4709 83.8100 5.1400
v  -31.4709 84.4100 5.1400
v  -31.4709 91.6700 -5.1400
v  -30.8244 84.4100 5.1400
v  -30.8244 91.6700 -5.1400
v  -30.8244 91.0700 -5.1400
v  -30.8244 83.8100 5.1400
v  -30.8244 105.5900 -5.1400
v  -30.8244 98.3300 5.1400
v  -31.4709 98.3300 5.1400
v  -31.4709 105.5900 -5.1400
v  -31.4709 98.9300 5.1400
v  -31.4709 106.1900 -5.1400
v  -30.8244 98.9300 5.1400
v  -30.8244 106.1900 -5.1400
v  -30.8244 108.2000 5.1400
v  -30.8244 108.2000 -5.1400
v  -31.4709 91.0700 -30.7002
v  -31.4709 83.8100 -19.4178
v  -31.4709 84.4100 -19.4178
v  -31.4709 91.6700 -30.7002
v  -30.8244 84.4100 -19.4178
v  -30.8244 91.6700 -30.7002
v  -30.8244 91.0700 -30.7002
v  -30.8244 83.8100 -19.4178
v  -30.8244 105.5900 -30.7002
v  -30.8244 98.3300 -19.4178
v  -31.4709 98.3300 -19.4178
v  -31.4709 105.5900 -30.7002
v  -31.4709 98.9300 -19.4178
v  -31.4709 106.1900 -30.7002
v  -30.8244 98.9300 -19.4178
v  -30.8244 106.1900 -30.7002
v  -30.8244 108.2000 -19.4178
v  -30.8244 108.2000 -30.7002
v  -30.8244 108.2000 30.6987
v  -30.8244 108.2000 19.4152
v  -31.4709 91.0700 19.4152
v  -31.4709 83.8100 30.6987
v  -31.4709 84.4100 30.6987
v  -31.4709 91.6700 19.4152
v  -30.8244 84.4100 30.6987
v  -30.8244 91.6700 19.4152
v  -30.8244 91.0700 19.4152
v  -30.8244 83.8100 30.6987
v  -30.8244 105.5900 19.4152
v  -30.8244 98.3300 30.6987
v  -31.4709 98.3300 30.6987
v  -31.4709 105.5900 19.4152
v  -31.4709 98.9300 30.6987
v  -31.4709 106.1900 19.4152
v  -30.8244 98.9300 30.6987
v  -30.8244 106.1900 19.4152
v  5.1375 91.0700 -31.3437
v  -5.1425 83.8100 -31.3437
v  -5.1425 84.4100 -31.3437
v  5.1375 91.6700 -31.3437
v  -5.1425 84.4100 -30.6972
v  5.1375 91.6700 -30.6972
v  5.1375 91.0700 -30.6972
v  -5.1425 83.8100 -30.6972
v  5.1375 105.5900 -30.6972
v  -5.1425 98.3300 -30.6972
v  -5.1425 98.3300 -31.3437
v  5.1375 105.5900 -31.3437
v  -5.1425 98.9300 -31.3437
v  5.1375 106.1900 -31.3437
v  -5.1425 98.9300 -30.6972
v  5.1375 106.1900 -30.6972
v  5.1375 81.8000 -30.6972
v  -5.1425 81.8000 -30.6972
v  -5.1425 108.2000 -30.6972
v  5.1375 108.2000 -30.6972
v  -19.4177 108.2000 -30.6972
v  -30.7012 108.2000 -30.6972
v  30.6977 108.2000 -30.6972
v  19.4153 108.2000 -30.6972
v  -30.7012 81.8000 -30.6972
v  -19.4177 81.8000 -30.6972
v  19.4153 81.8000 -30.6972
v  30.6977 81.8000 -30.6972
v  30.6977 91.0700 -31.3437
v  19.4153 83.8100 -31.3437
v  19.4153 84.4100 -31.3437
v  30.6977 91.6700 -31.3437
v  19.4153 84.4100 -30.6972
v  30.6977 91.6700 -30.6972
v  30.6977 91.0700 -30.6972
v  19.4153 83.8100 -30.6972
v  30.6977 105.5900 -30.6972
v  19.4153 98.3300 -30.6972
v  19.4153 98.3300 -31.3437
v  30.6977 105.5900 -31.3437
v  19.4153 98.9300 -31.3437
v  30.6977 106.1900 -31.3437
v  19.4153 98.9300 -30.6972
v  30.6977 106.1900 -30.6972
v  -19.4177 91.0700 -31.3437
v  -30.7012 83.8100 -31.3437
v  -30.7012 84.4100 -31.3437
v  -19.4177 91.6700 -31.3437
v  -30.7012 84.4100 -30.6972
v  -19.4177 91.6700 -30.6972
v  -19.4177 91.0700 -30.6972
v  -30.7012 83.8100 -30.6972
v  -19.4177 105.5900 -30.6972
v  -30.7012 98.3300 -30.6972
v  -30.7012 98.3300 -31.3437
v  -19.4177 105.5900 -31.3437
v  -30.7012 98.9300 -31.3437
v  -19.4177 106.1900 -31.3437
v  -30.7012 98.9300 -30.6972
v  -19.4177 106.1900 -30.6972
v  40.0000 20.0000 40.0000
v  -12.8896 20.0000 40.0000
v  -12.8896 0.0000 40.0000
v  40.0000 0.0000 40.0000
v  -9.8896 20.0000 37.0000
v  37.0000 20.0000 37.0000
v  37.0000 15.0000 37.0000
v  -9.8896 15.0000 37.0000
v  -12.8896 20.0000 20.0000
v  -12.8896 0.0000 20.0000
v  -9.8896 15.0000 20.0000
v  -9.8896 20.0000 20.0000
v  37.0000 17.0008 11.3207
v  40.0000 17.0008 11.3207
v  40.0000 17.0008 6.3208
v  37.0000 17.0008 6.3208
v  37.0000 13.9999 6.3208
v  40.0000 13.9999 6.3208
v  40.0000 13.9999 1.3216
v  37.0000 13.9999 1.3216
v  37.0000 20.0000 11.3207
v  40.0000 20.0000 11.3207
v  40.0000 11.0024 1.3216
v  37.0000 11.0024 1.3216
v  -7.2300 0.0000 -37.0000
v  -7.2300 2.0266 -37.0000
v  -7.2300 2.0266 -40.0000
v  -7.2300 0.0000 -40.0000
v  -2.3086 2.0266 -37.0000
v  -2.3086 2.0266 -40.0000
v  -2.3086 5.0266 -37.0000
v  -2.3086 5.0266 -40.0000
v  2.6914 5.0266 -37.0000
v  2.6914 5.0266 -40.0000
v  2.6914 8.0266 -37.0000
v  2.6914 8.0266 -40.0000
v  7.6914 8.0266 -37.0000
v  7.6914 8.0266 -40.0000
v  7.6914 11.0024 -37.0000
v  7.6914 11.0024 -40.0000
v  40.0000 0.0000 -40.0000
v  40.0000 11.0024 -40.0000
v  37.0000 11.0024 -37.0000
v  37.0000 9.0000 3.6240
v  37.0000 9.0000 8.6240
v  37.0000 12.0000 8.6240
v  37.0000 15.0000 13.6240
v  37.0000 12.0000 13.6240
v  37.0000 6.0000 -37.0000
v  37.0000 6.0000 3.6240
v  5.0084 6.0000 -37.0000
v  5.0084 3.0000 -37.0000
v  0.0084 3.0000 -37.0000
v  0.0084 0.0000 -37.0000
v  20.0000 6.0000 3.6240
v  20.0000 9.0000 3.6240
v  20.0000 9.0000 8.6240
v  20.0000 12.0000 8.6240
v  20.0000 11.9981 13.6227
v  20.0000 15.0000 13.6240
v  22.0001 14.9988 22.0114
v  21.9956 14.9988 17.8076
v  20.0015 14.9988 17.8042
v  5.0084 6.0000 -20.0000
v  5.0084 3.0000 -20.0000
v  0.0084 3.0000 -20.0000
v  0.0084 0.0000 -20.0000
v  6.5298 15.0000 22.0000
v  6.5306 32.0018 21.9983
v  4.5305 32.0018 21.9983
v  4.5298 15.0000 22.0000
v  4.5300 32.0018 16.8291
v  4.5298 15.0000 16.8283
v  6.5298 15.0000 20.0000
v  6.5302 32.0016 20.0004
v  -6.6722 15.0000 22.0000
v  -4.6722 15.0000 22.0000
v  -4.6709 32.0018 21.9987
v  -6.6710 32.0018 21.9987
v  -4.6722 15.0000 16.8283
v  -4.6717 32.0018 16.8291
v  -6.6722 15.0000 20.0000
v  -6.6717 32.0016 20.0004
v  -7.6879 34.5035 22.5016
v  -7.6878 34.5032 20.0008
v  -7.6878 32.0031 20.0008
v  -7.6879 32.0035 22.5016
v  7.5455 34.5035 22.5016
v  7.5455 32.0035 22.5016
v  7.5459 32.0031 20.0008
v  7.5459 34.5032 20.0008
v  -21.7059 54.9938 2.9166
v  -21.7000 64.9900 2.9131
v  -21.7000 64.9900 1.2131
v  -21.7059 54.9938 1.2170
v  -18.2327 54.9938 1.2142
v  -18.2327 64.9900 1.2131
v  -20.0000 64.9900 2.9131
v  -20.0000 54.9938 2.9141
v  -21.7059 54.9938 -2.9085
v  -21.7059 54.9938 -1.2089
v  -21.7000 64.9900 -1.2133
v  -21.7000 64.9900 -2.9133
v  -18.2327 54.9938 -1.2120
v  -18.2327 64.9900 -1.2133
v  -20.0000 64.9900 -2.9133
v  -20.0000 54.9938 -2.9119
v  -22.0001 66.9900 3.9999
v  -22.0001 66.9900 -4.0001
v  -22.0001 64.9900 -4.0001
v  -22.0001 64.9900 3.9999
v  -20.0000 66.9900 3.9999
v  -20.0000 64.9900 3.9999
v  -20.0000 64.9900 -4.0001
v  -20.0000 66.9900 -4.0001
v  -22.0001 54.9976 3.9999
v  -22.0001 54.9976 -4.0001
v  -22.0001 52.9976 -4.0001
v  -22.0001 52.9976 3.9999
v  -20.0000 54.9976 4.0000
v  -20.0000 52.9976 4.0000
v  -20.0000 52.9976 -4.0001
v  -20.0000 54.9976 -4.0001
v  21.7059 54.9938 2.9166
v  21.7059 54.9938 1.2170
v  21.7000 64.9900 1.2131
v  21.7000 64.9900 2.9131
v  18.2014 54.9938 1.2142
v  18.2014 64.9900 1.2131
v  20.0000 64.9900 2.9131
v  20.0000 54.9938 2.9141
v  21.7059 54.9938 -2.9085
v  21.7000 64.9900 -2.9133
v  21.7000 64.9900 -1.2133
v  21.7059 54.9938 -1.2089
v  18.2014 54.9938 -1.2120
v  18.2014 64.9900 -1.2133
v  20.0000 64.9900 -2.9132
v  20.0000 54.9938 -2.9119
v  22.0001 66.9900 3.9999
v  22.0001 64.9900 3.9999
v  22.0001 64.9900 -4.0001
v  22.0001 66.9900 -4.0001
v  20.0000 66.9900 3.9999
v  20.0000 64.9901 3.9999
v  20.0000 64.9900 -4.0001
v  20.0000 66.9900 -4.0001
v  22.0001 54.9976 3.9999
v  22.0001 52.9976 3.9999
v  22.0001 52.9976 -4.0001
v  22.0001 54.9976 -4.0001
v  20.0000 54.9976 3.9999
v  20.0000 52.9976 3.9999
v  20.0000 52.9976 -4.0001
v  20.0000 54.9976 -4.0001
v  -2.9167 54.9938 -21.7060
v  -2.9132 64.9900 -21.7001
v  -1.2132 64.9900 -21.7001
v  -1.2170 54.9938 -21.7060
v  -1.2143 54.9938 -17.9235
v  -1.2132 64.9900 -17.9235
v  -2.9132 64.9900 -20.0001
v  -2.9141 54.9938 -20.0001
v  2.9084 54.9938 -21.7060
v  1.2088 54.9938 -21.7060
v  1.2132 64.9900 -21.7001
v  2.9132 64.9900 -21.7001
v  1.2120 54.9938 -17.9235
v  1.2132 64.9900 -17.9235
v  2.9132 64.9900 -20.0001
v  2.9118 54.9938 -20.0001
v  -4.0000 66.9900 -22.0001
v  4.0000 66.9900 -22.0001
v  4.0000 64.9900 -22.0001
v  -4.0000 64.9900 -22.0001
v  -4.0000 66.9900 -20.0001
v  -4.0000 64.9900 -20.0001
v  4.0000 64.9901 -20.0001
v  4.0000 66.9900 -20.0001
v  -4.0000 54.9976 -22.0001
v  4.0000 54.9976 -22.0001
v  4.0000 52.9976 -22.0001
v  -4.0000 52.9976 -22.0001
v  -4.0000 54.9976 -20.0001
v  -4.0000 52.9976 -20.0001
v  4.0000 52.9976 -20.0001
v  4.0000 54.9976 -20.0001
v  -2.9167 54.9938 21.7007
v  -1.2170 54.9938 21.7007
v  -1.2132 64.9900 21.7000
v  -2.9132 64.9900 21.7000
v  -1.2143 54.9938 16.9157
v  -1.2132 64.9900 16.9157
v  -2.9132 64.9900 20.0000
v  -2.9142 54.9939 20.0002
v  2.9084 54.9938 21.7007
v  2.9132 64.9900 21.7000
v  1.2132 64.9900 21.7000
v  1.2088 54.9938 21.7007
v  1.2120 54.9938 16.9157
v  1.2132 64.9900 16.9157
v  2.9132 64.9900 20.0000
v  2.9119 54.9938 20.0001
v  -4.0000 66.9900 22.0000
v  -4.0000 64.9900 22.0000
v  4.0000 64.9900 22.0000
v  4.0000 66.9900 22.0000
v  -4.0000 66.9900 20.0000
v  -4.0000 64.9901 20.0000
v  4.0000 64.9900 20.0000
v  4.0000 66.9900 20.0000
v  -4.0000 54.9976 22.0000
v  -4.0000 52.9976 22.0000
v  4.0000 52.9976 22.0000
v  4.0000 54.9976 22.0000
v  -4.0001 54.9977 20.0002
v  -4.0001 52.9977 20.0002
v  3.9999 52.9977 20.0001
v  3.9999 54.9977 20.0001
v  -21.7059 22.1871 2.9166
v  -21.7000 32.1833 2.9131
v  -21.7000 32.1833 1.2131
v  -21.7059 22.1871 1.2170
v  -18.2421 22.1871 1.2142
v  -18.2421 32.1833 1.2131
v  -20.0000 32.1833 2.9131
v  -20.0000 22.1871 2.9141
v  -21.7059 22.1871 -2.9085
v  -21.7059 22.1871 -1.2089
v  -21.7000 32.1833 -1.2133
v  -21.7000 32.1833 -2.9133
v  -18.2421 22.1871 -1.2120
v  -18.2421 32.1833 -1.2133
v  -20.0000 32.1833 -2.8278
v  -20.0000 22.1871 -2.9119
v  -22.0001 34.1834 3.9999
v  -22.0001 34.1834 -4.0001
v  -22.0001 32.1834 -4.0001
v  -22.0001 32.1834 3.9999
v  -20.0000 34.1833 3.9999
v  -20.0000 32.1833 3.9999
v  -20.0000 32.1833 -4.0001
v  -20.0000 34.1833 -4.0001
v  -22.0001 22.1909 3.9999
v  -22.0001 22.1909 -4.0001
v  -22.0001 20.1909 -4.0001
v  -22.0001 20.1909 3.9999
v  -20.0000 22.1909 3.9999
v  -20.0000 20.1909 3.9999
v  -20.0000 20.1909 -4.0001
v  -20.0000 22.1909 -4.0001
v  -17.7978 41.4815 -22.0171
v  -13.6011 41.4815 -22.0171
v  -13.6011 38.5185 -22.0171
v  -17.7978 38.5185 -22.0171
v  -21.9946 38.5185 -22.0171
v  -21.9946 41.4815 -22.0171
v  -21.9946 38.5185 -17.8079
v  -21.9946 41.4815 -17.8079
v  -13.5872 41.4815 -19.9997
v  -13.5872 38.5185 -19.9997
v  -17.7978 77.0370 -22.0171
v  -13.6011 77.0370 -22.0171
v  -13.6011 74.0741 -22.0171
v  -17.7978 74.0741 -22.0171
v  -21.9946 74.0741 -22.0171
v  -21.9946 77.0370 -22.0171
v  -17.7978 71.1111 -22.0171
v  -13.6011 71.1111 -22.0171
v  -13.6011 68.1481 -22.0171
v  -17.7978 68.1481 -22.0171
v  -21.9946 68.1481 -22.0171
v  -21.9946 71.1111 -22.0171
v  -17.7978 65.1852 -22.0171
v  -13.6011 65.1852 -22.0171
v  -13.6011 62.2222 -22.0171
v  -17.7978 62.2222 -22.0171
v  -21.9946 62.2222 -22.0171
v  -21.9946 65.1852 -22.0171
v  -17.7978 59.2593 -22.0171
v  -13.6011 59.2593 -22.0171
v  -13.6011 56.2963 -22.0171
v  -17.7978 56.2963 -22.0171
v  -21.9946 56.2963 -22.0171
v  -21.9946 59.2593 -22.0171
v  -17.7978 53.3333 -22.0171
v  -13.6011 53.3333 -22.0171
v  -13.6011 50.3704 -22.0171
v  -17.7978 50.3704 -22.0171
v  -21.9946 50.3704 -22.0171
v  -21.9946 53.3333 -22.0171
v  -17.7978 47.4074 -22.0171
v  -13.6011 47.4074 -22.0171
v  -13.6011 44.4444 -22.0171
v  -17.7978 44.4444 -22.0171
v  -21.9946 44.4444 -22.0171
v  -21.9946 47.4074 -22.0171
v  -17.7978 2.9630 -22.0171
v  -21.9946 2.9630 -22.0171
v  -21.9946 5.9259 -22.0171
v  -17.7978 5.9259 -22.0171
v  -13.6011 5.9259 -22.0171
v  -13.6011 2.9630 -22.0171
v  -17.7978 8.8889 -22.0171
v  -21.9946 8.8889 -22.0171
v  -21.9946 11.8519 -22.0171
v  -17.7978 11.8519 -22.0171
v  -13.6011 11.8519 -22.0171
v  -13.6011 8.8889 -22.0171
v  -17.7978 14.8148 -22.0171
v  -21.9946 14.8148 -22.0171
v  -21.9946 17.7778 -22.0171
v  -17.7978 17.7778 -22.0171
v  -13.6011 17.7778 -22.0171
v  -13.6011 14.8148 -22.0171
v  -17.7978 20.7407 -22.0171
v  -21.9946 20.7407 -22.0171
v  -21.9946 23.7037 -22.0171
v  -17.7978 23.7037 -22.0171
v  -13.6011 23.7037 -22.0171
v  -13.6011 20.7407 -22.0171
v  -17.7978 26.6667 -22.0171
v  -21.9946 26.6667 -22.0171
v  -21.9946 29.6296 -22.0171
v  -17.7978 29.6296 -22.0171
v  -13.6011 29.6296 -22.0171
v  -13.6011 26.6667 -22.0171
v  -17.7978 32.5926 -22.0171
v  -21.9946 32.5926 -22.0171
v  -21.9946 35.5556 -22.0171
v  -17.7978 35.5556 -22.0171
v  -13.6011 35.5556 -22.0171
v  -13.6011 32.5926 -22.0171
v  -21.9946 80.0000 -13.5986
v  -21.9946 80.0000 -22.0171
v  -21.9946 77.0370 -17.8079
v  -21.9946 77.0370 -13.5986
v  -21.9946 74.0741 -17.8079
v  -21.9946 71.1111 -17.8079
v  -21.9946 71.1111 -13.5986
v  -21.9946 74.0741 -13.5986
v  -21.9946 68.1481 -17.8079
v  -21.9946 65.1852 -17.8079
v  -21.9946 65.1852 -13.5986
v  -21.9946 68.1481 -13.5986
v  -21.9946 62.2222 -17.8079
v  -21.9946 59.2593 -17.8079
v  -21.9946 59.2593 -13.5986
v  -21.9946 62.2222 -13.5986
v  -21.9946 56.2963 -17.8079
v  -21.9946 53.3333 -17.8079
v  -21.9946 53.3333 -13.5986
v  -21.9946 56.2963 -13.5986
v  -21.9946 50.3704 -17.8079
v  -21.9946 47.4074 -17.8079
v  -21.9946 47.4074 -13.5986
v  -21.9946 50.3704 -13.5986
v  -21.9946 44.4444 -17.8079
v  -21.9946 41.4815 -13.5986
v  -21.9946 44.4444 -13.5986
v  -21.9946 0.0000 -17.8079
v  -21.9946 0.0000 -13.5986
v  -21.9946 2.9630 -13.5986
v  -21.9946 2.9630 -17.8079
v  -21.9946 0.0000 -22.0171
v  -21.9946 5.9259 -17.8079
v  -21.9946 5.9259 -13.5986
v  -21.9946 8.8889 -13.5986
v  -21.9946 8.8889 -17.8079
v  -21.9946 11.8519 -17.8079
v  -21.9946 11.8519 -13.5986
v  -21.9946 14.8148 -13.5986
v  -21.9946 14.8148 -17.8079
v  -21.9946 17.7778 -17.8079
v  -21.9946 17.7778 -13.5986
v  -21.9946 20.7407 -13.5986
v  -21.9946 20.7407 -17.8079
v  -21.9946 23.7037 -17.8079
v  -21.9946 23.7037 -13.5986
v  -21.9946 26.6667 -13.5986
v  -21.9946 26.6667 -17.8079
v  -21.9946 29.6296 -17.8079
v  -21.9946 29.6296 -13.5986
v  -21.9946 32.5926 -13.5986
v  -21.9946 32.5926 -17.8079
v  -21.9946 35.5556 -17.8079
v  -21.9946 35.5556 -13.5986
v  -21.9946 38.5185 -13.5986
v  -20.0015 0.0000 -13.5860
v  -20.0015 2.9630 -13.5860
v  -20.0015 5.9259 -13.5860
v  -20.0015 8.8889 -13.5860
v  -20.0015 11.8519 -13.5860
v  -20.0015 14.8148 -13.5860
v  -20.0015 17.7778 -13.5860
v  -20.0015 20.7407 -13.5860
v  -20.0015 23.7037 -13.5860
v  -20.0015 26.6667 -13.5860
v  -20.0015 29.6296 -13.5860
v  -20.0015 32.5926 -13.5860
v  -20.0015 35.5556 -13.5860
v  -20.0015 38.5185 -13.5860
v  -17.7978 80.0000 -22.0171
v  -17.7978 0.0000 -22.0171
v  -13.5872 77.0370 -19.9997
v  -13.5872 74.0741 -19.9997
v  -13.5872 71.1111 -19.9997
v  -13.5872 68.1481 -19.9997
v  -13.5872 65.1852 -19.9997
v  -13.5872 62.2222 -19.9997
v  -13.5872 59.2593 -19.9997
v  -13.5872 56.2963 -19.9997
v  -13.5872 53.3333 -19.9997
v  -13.5872 50.3704 -19.9997
v  -13.5872 47.4074 -19.9997
v  -13.5872 44.4444 -19.9997
v  -20.0015 2.9630 -17.8075
v  -20.0015 5.9259 -17.8075
v  -20.0015 8.8889 -17.8075
v  -20.0015 11.8519 -17.8075
v  -20.0015 14.8148 -17.8075
v  -20.0015 17.7778 -17.8075
v  -20.0015 20.7407 -17.8075
v  -20.0015 23.7037 -17.8075
v  -20.0015 26.6667 -17.8075
v  -20.0015 29.6296 -17.8075
v  -20.0015 32.5926 -17.8075
v  -20.0015 35.5556 -17.8075
v  -20.0015 38.5185 -17.8075
v  -20.0015 41.4815 -17.8075
v  -20.0015 44.4444 -17.8075
v  -20.0015 47.4074 -17.8075
v  -20.0015 50.3704 -17.8075
v  -20.0015 53.3333 -17.8075
v  -20.0015 56.2963 -17.8075
v  -20.0015 59.2593 -17.8075
v  -20.0015 62.2222 -17.8075
v  -20.0015 65.1852 -17.8075
v  -20.0015 68.1481 -17.8075
v  -20.0015 71.1111 -17.8075
v  -20.0015 74.0741 -17.8075
v  -20.0015 77.0370 -17.8075
v  -20.0015 77.0370 -13.5860
v  -20.0015 74.0741 -13.5860
v  -20.0015 71.1111 -13.5860
v  -20.0015 68.1481 -13.5860
v  -20.0015 65.1852 -13.5860
v  -20.0015 62.2222 -13.5860
v  -20.0015 59.2593 -13.5860
v  -20.0015 56.2963 -13.5860
v  -20.0015 53.3333 -13.5860
v  -20.0015 50.3704 -13.5860
v  -20.0015 47.4074 -13.5860
v  -20.0015 44.4444 -13.5860
v  -20.0015 41.4815 -13.5860
v  -17.7949 2.9630 -19.9997
v  -17.7954 0.0000 -19.9997
v  -17.7949 8.8889 -19.9997
v  -17.7949 5.9259 -19.9997
v  -17.7949 14.8148 -19.9997
v  -17.7949 11.8519 -19.9997
v  -17.7949 20.7407 -19.9997
v  -17.7949 17.7778 -19.9997
v  -17.7949 26.6667 -19.9997
v  -17.7949 23.7037 -19.9997
v  -17.7949 32.5926 -19.9997
v  -17.7949 29.6296 -19.9997
v  -17.7949 38.5185 -19.9997
v  -17.7949 35.5556 -19.9997
v  -17.7949 44.4444 -19.9997
v  -17.7949 41.4815 -19.9997
v  -17.7949 50.3704 -19.9997
v  -17.7949 47.4074 -19.9997
v  -17.7949 56.2963 -19.9997
v  -17.7949 53.3333 -19.9997
v  -17.7949 62.2222 -19.9997
v  -17.7949 59.2593 -19.9997
v  -17.7949 68.1481 -19.9997
v  -17.7949 65.1852 -19.9997
v  -17.7949 74.0741 -19.9997
v  -17.7949 71.1111 -19.9997
v  -17.7954 80.0000 -19.9997
v  -17.7949 77.0370 -19.9997
v  -13.5872 2.9630 -19.9997
v  -13.5872 5.9259 -19.9997
v  -13.5872 8.8889 -19.9997
v  -13.5872 11.8519 -19.9997
v  -13.5872 14.8148 -19.9997
v  -13.5872 17.7778 -19.9997
v  -13.5872 20.7407 -19.9997
v  -13.5872 23.7037 -19.9997
v  -13.5872 26.6667 -19.9997
v  -13.5872 29.6296 -19.9997
v  -13.5872 32.5926 -19.9997
v  -13.5872 35.5556 -19.9997
v  -20.0015 80.0000 -13.5860
v  13.5724 14.9988 19.9997
v  13.5709 14.9988 22.0181
v  17.7978 41.5807 22.0171
v  13.5715 41.5807 22.0171
v  13.5715 38.6445 22.0171
v  17.7978 38.6445 22.0171
v  21.9946 38.6445 22.0171
v  21.9946 41.5807 22.0171
v  21.9946 38.6445 17.8079
v  21.9946 41.5807 17.8079
v  13.5724 41.5858 19.9997
v  13.5724 38.6404 19.9997
v  17.7978 77.0370 22.0171
v  13.5715 77.0370 22.0171
v  13.5715 74.0741 22.0171
v  17.7978 74.0741 22.0171
v  21.9946 74.0741 22.0171
v  21.9946 77.0370 22.0171
v  17.7978 71.1111 22.0171
v  13.5715 71.1111 22.0171
v  13.5715 68.1805 22.0171
v  17.7978 68.1805 22.0171
v  21.9946 68.1805 22.0171
v  21.9946 71.1111 22.0171
v  17.7978 65.2301 22.0171
v  13.5715 65.2301 22.0171
v  13.5715 62.2800 22.0171
v  17.7978 62.2800 22.0171
v  21.9946 62.2800 22.0171
v  21.9946 65.2301 22.0171
v  17.7978 59.3153 22.0171
v  13.5715 59.3153 22.0171
v  13.5715 56.3691 22.0171
v  17.7978 56.3691 22.0171
v  21.9946 56.3691 22.0171
v  21.9946 59.3153 22.0171
v  17.7978 53.4149 22.0171
v  13.5715 53.4149 22.0171
v  13.5715 50.4549 22.0171
v  17.7978 50.4549 22.0171
v  21.9946 50.4549 22.0171
v  21.9946 53.4149 22.0171
v  17.7978 47.4950 22.0171
v  13.5715 47.4950 22.0171
v  13.5715 44.5450 22.0171
v  17.7978 44.5450 22.0171
v  21.9946 44.5450 22.0171
v  21.9946 47.4950 22.0171
v  17.7978 14.9976 22.0171
v  21.9946 17.9438 22.0171
v  17.7978 17.9438 22.0171
v  13.5715 17.9438 22.0171
v  17.7978 20.9038 22.0171
v  21.9946 20.9038 22.0171
v  21.9946 23.8577 22.0171
v  17.7978 23.8577 22.0171
v  13.5715 23.8577 22.0171
v  13.5715 20.9038 22.0171
v  17.7978 26.8211 22.0171
v  21.9946 26.8211 22.0171
v  21.9946 29.7810 22.0171
v  17.7978 29.7810 22.0171
v  13.5715 29.7810 22.0171
v  13.5715 26.8211 22.0171
v  17.7978 32.7327 22.0171
v  21.9946 32.7327 22.0171
v  21.9946 35.6839 22.0171
v  17.7978 35.6839 22.0171
v  13.5715 35.6839 22.0171
v  13.5715 32.7327 22.0171
v  21.9946 80.0000 13.5986
v  21.9946 80.0000 22.0171
v  21.9946 77.0370 17.8079
v  21.9946 77.0370 13.5986
v  21.9946 74.0741 17.8079
v  21.9946 71.1111 17.8079
v  21.9946 71.1111 13.5986
v  21.9946 74.0741 13.5986
v  21.9946 68.1805 17.8079
v  21.9946 65.2301 17.8079
v  21.9946 65.2301 13.5986
v  21.9946 68.1805 13.5986
v  21.9946 62.2800 17.8079
v  21.9946 59.3153 17.8079
v  21.9946 59.3153 13.5986
v  21.9946 62.2800 13.5986
v  21.9946 56.3691 17.8079
v  21.9946 53.4149 17.8079
v  21.9946 53.4149 13.5986
v  21.9946 56.3691 13.5986
v  21.9946 50.4549 17.8079
v  21.9946 47.4950 17.8079
v  21.9946 47.4950 13.5986
v  21.9946 50.4549 13.5986
v  21.9946 44.5450 17.8079
v  21.9946 41.5807 13.5986
v  21.9946 44.5450 13.5986
v  21.9946 17.9438 17.8079
v  21.9946 17.9438 13.5986
v  21.9946 20.9038 13.5986
v  21.9946 20.9038 17.8079
v  21.9946 23.8577 17.8079
v  21.9946 23.8577 13.5986
v  21.9946 26.8211 13.5986
v  21.9946 26.8211 17.8079
v  21.9946 29.7810 17.8079
v  21.9946 29.7810 13.5986
v  21.9946 32.7327 13.5986
v  21.9946 32.7327 17.8079
v  21.9946 35.6839 17.8079
v  21.9946 35.6839 13.5986
v  21.9946 38.6445 13.5986
v  20.0015 17.9492 13.6102
v  20.0015 20.9064 13.6090
v  20.0015 23.8607 13.6079
v  20.0015 26.8196 13.6067
v  20.0015 29.7769 13.6056
v  20.0015 32.7300 13.6044
v  20.0015 35.6829 13.6033
v  20.0015 38.6404 13.6021
v  17.7978 80.0000 22.0171
v  13.5724 77.0412 19.9997
v  13.5724 74.0825 19.9997
v  13.5724 71.1237 19.9997
v  13.5724 68.1812 19.9997
v  13.5724 65.2287 19.9997
v  13.5724 62.2764 19.9997
v  13.5724 59.3167 19.9997
v  13.5724 56.3663 19.9997
v  13.5724 53.4120 19.9997
v  13.5724 50.4547 19.9997
v  13.5724 47.4975 19.9997
v  13.5724 44.5452 19.9997
v  20.0015 17.9492 17.8038
v  20.0015 20.9064 17.8034
v  20.0015 23.8607 17.8030
v  20.0015 26.8196 17.8026
v  20.0015 29.7769 17.8022
v  20.0015 32.7300 17.8018
v  20.0015 35.6829 17.8014
v  20.0015 38.6404 17.8010
v  20.0015 41.5858 17.8006
v  20.0015 44.5452 17.8002
v  20.0015 47.4975 17.7998
v  20.0015 50.4547 17.7994
v  20.0015 53.4120 17.7990
v  20.0015 56.3663 17.7986
v  20.0015 59.3167 17.7982
v  20.0015 62.2764 17.7978
v  20.0015 65.2287 17.7974
v  20.0015 68.1812 17.7970
v  20.0015 71.1237 17.7966
v  20.0015 74.0825 17.7962
v  20.0015 77.0412 17.7958
v  20.0015 77.0412 13.5871
v  20.0015 74.0825 13.5883
v  20.0015 71.1237 13.5894
v  20.0015 68.1812 13.5906
v  20.0015 65.2287 13.5917
v  20.0015 62.2764 13.5929
v  20.0015 59.3167 13.5940
v  20.0015 56.3664 13.5952
v  20.0015 53.4120 13.5963
v  20.0015 50.4547 13.5975
v  20.0015 47.4975 13.5986
v  20.0015 44.5452 13.5998
v  20.0015 41.5858 13.6010
v  17.8220 20.9064 19.9997
v  17.8220 17.9492 19.9997
v  17.8220 26.8196 19.9997
v  17.8220 23.8607 19.9997
v  17.8220 32.7300 19.9997
v  17.8220 29.7769 19.9997
v  17.8220 38.6404 19.9997
v  17.8220 35.6829 19.9997
v  17.8220 44.5452 19.9997
v  17.8220 41.5858 19.9997
v  17.8220 50.4547 19.9997
v  17.8220 47.4975 19.9997
v  17.8220 56.3663 19.9997
v  17.8220 53.4120 19.9997
v  17.8220 62.2764 19.9997
v  17.8220 59.3167 19.9997
v  17.8220 68.1812 19.9997
v  17.8220 65.2287 19.9997
v  17.8220 74.0825 19.9997
v  17.8220 71.1237 19.9997
v  17.8224 80.0000 19.9997
v  17.8220 77.0412 19.9997
v  13.5724 17.9492 19.9997
v  13.5724 20.9064 19.9997
v  13.5724 23.8607 19.9997
v  13.5724 26.8196 19.9997
v  13.5724 29.7769 19.9997
v  13.5724 32.7300 19.9997
v  13.5724 35.6829 19.9997
v  20.0015 80.0000 13.5860
v  -21.9946 41.4815 22.0171
v  -21.9946 38.5185 22.0171
v  -17.7978 38.5185 22.0171
v  -17.7978 41.4815 22.0171
v  -13.6011 38.5185 22.0171
v  -13.6011 41.4815 22.0171
v  -21.9946 41.4815 17.8079
v  -21.9946 38.5185 17.8079
v  -13.6006 41.4815 19.9997
v  -13.6006 38.5185 19.9997
v  -21.9946 77.0370 22.0171
v  -21.9946 74.0741 22.0171
v  -17.7978 74.0741 22.0171
v  -17.7978 77.0370 22.0171
v  -13.6011 74.0741 22.0171
v  -13.6011 77.0370 22.0171
v  -21.9946 71.1111 22.0171
v  -21.9946 68.1481 22.0171
v  -17.7978 68.1481 22.0171
v  -17.7978 71.1111 22.0171
v  -13.6011 68.1481 22.0171
v  -13.6011 71.1111 22.0171
v  -21.9946 65.1852 22.0171
v  -21.9946 62.2222 22.0171
v  -17.7978 62.2222 22.0171
v  -17.7978 65.1852 22.0171
v  -13.6011 62.2222 22.0171
v  -13.6011 65.1852 22.0171
v  -21.9946 59.2593 22.0171
v  -21.9946 56.2963 22.0171
v  -17.7978 56.2963 22.0171
v  -17.7978 59.2593 22.0171
v  -13.6011 56.2963 22.0171
v  -13.6011 59.2593 22.0171
v  -21.9946 53.3333 22.0171
v  -21.9946 50.3704 22.0171
v  -17.7978 50.3704 22.0171
v  -17.7978 53.3333 22.0171
v  -13.6011 50.3704 22.0171
v  -13.6011 53.3333 22.0171
v  -21.9946 47.4074 22.0171
v  -21.9946 44.4444 22.0171
v  -17.7978 44.4444 22.0171
v  -17.7978 47.4074 22.0171
v  -13.6011 44.4444 22.0171
v  -13.6011 47.4074 22.0171
v  -13.6011 2.9630 22.0171
v  -13.6011 5.9259 22.0171
v  -17.7978 5.9259 22.0171
v  -17.7978 2.9630 22.0171
v  -21.9946 5.9259 22.0171
v  -21.9946 2.9630 22.0171
v  -13.6011 8.8889 22.0171
v  -13.6011 11.8519 22.0171
v  -17.7978 11.8519 22.0171
v  -17.7978 8.8889 22.0171
v  -21.9946 11.8519 22.0171
v  -21.9946 8.8889 22.0171
v  -13.6011 14.8148 22.0171
v  -13.6011 17.7778 22.0171
v  -17.7978 17.7778 22.0171
v  -17.7978 14.8148 22.0171
v  -21.9946 17.7778 22.0171
v  -21.9946 14.8148 22.0171
v  -13.6011 20.7407 22.0171
v  -13.6011 23.7037 22.0171
v  -17.7978 23.7037 22.0171
v  -17.7978 20.7407 22.0171
v  -21.9946 23.7037 22.0171
v  -21.9946 20.7407 22.0171
v  -13.6011 26.6667 22.0171
v  -13.6011 29.6296 22.0171
v  -17.7978 29.6296 22.0171
v  -17.7978 26.6667 22.0171
v  -21.9946 29.6296 22.0171
v  -21.9946 26.6667 22.0171
v  -13.6011 32.5926 22.0171
v  -13.6011 35.5556 22.0171
v  -17.7978 35.5556 22.0171
v  -17.7978 32.5926 22.0171
v  -21.9946 35.5556 22.0171
v  -21.9946 32.5926 22.0171
v  -21.9946 80.0000 13.5986
v  -21.9946 77.0370 13.5986
v  -21.9946 77.0370 17.8079
v  -21.9946 80.0000 22.0171
v  -21.9946 74.0741 17.8079
v  -21.9946 74.0741 13.5986
v  -21.9946 71.1111 13.5986
v  -21.9946 71.1111 17.8079
v  -21.9946 68.1481 17.8079
v  -21.9946 68.1481 13.5986
v  -21.9946 65.1852 13.5986
v  -21.9946 65.1852 17.8079
v  -21.9946 62.2222 17.8079
v  -21.9946 62.2222 13.5986
v  -21.9946 59.2593 13.5986
v  -21.9946 59.2593 17.8079
v  -21.9946 56.2963 17.8079
v  -21.9946 56.2963 13.5986
v  -21.9946 53.3333 13.5986
v  -21.9946 53.3333 17.8079
v  -21.9946 50.3704 17.8079
v  -21.9946 50.3704 13.5986
v  -21.9946 47.4074 13.5986
v  -21.9946 47.4074 17.8079
v  -21.9946 44.4444 17.8079
v  -21.9946 44.4444 13.5986
v  -21.9946 41.4815 13.5986
v  -21.9946 0.0000 22.0171
v  -21.9946 2.9630 17.8079
v  -21.9946 0.0000 17.8079
v  -21.9946 2.9630 13.5986
v  -21.9946 0.0000 13.5986
v  -21.9946 5.9259 17.8079
v  -21.9946 8.8889 17.8079
v  -21.9946 8.8889 13.5986
v  -21.9946 5.9259 13.5986
v  -21.9946 11.8519 17.8079
v  -21.9946 14.8148 17.8079
v  -21.9946 14.8148 13.5986
v  -21.9946 11.8519 13.5986
v  -21.9946 17.7778 17.8079
v  -21.9946 20.7407 17.8079
v  -21.9946 20.7407 13.5986
v  -21.9946 17.7778 13.5986
v  -21.9946 23.7037 17.8079
v  -21.9946 26.6667 17.8079
v  -21.9946 26.6667 13.5986
v  -21.9946 23.7037 13.5986
v  -21.9946 29.6296 17.8079
v  -21.9946 32.5926 17.8079
v  -21.9946 32.5926 13.5986
v  -21.9946 29.6296 13.5986
v  -21.9946 35.5556 17.8079
v  -21.9946 38.5185 13.5986
v  -21.9946 35.5556 13.5986
v  -20.0017 0.0000 13.5993
v  -20.0017 2.9630 13.5993
v  -20.0017 5.9259 13.5993
v  -20.0017 8.8889 13.5993
v  -20.0017 11.8519 13.5993
v  -20.0017 14.8148 13.5993
v  -20.0017 17.7778 13.5993
v  -20.0017 20.7407 13.5993
v  -20.0017 23.7037 13.5993
v  -20.0017 26.6667 13.5993
v  -20.0017 29.6296 13.5993
v  -20.0017 32.5926 13.5993
v  -20.0017 35.5556 13.5993
v  -20.0017 38.5185 13.5993
v  -17.7978 80.0000 22.0171
v  -17.7978 0.0000 22.0171
v  -13.6006 77.0370 19.9997
v  -13.6006 74.0741 19.9997
v  -13.6006 71.1111 19.9997
v  -13.6006 68.1481 19.9997
v  -13.6006 65.1852 19.9997
v  -13.6006 62.2222 19.9997
v  -13.6006 59.2593 19.9997
v  -13.6006 56.2963 19.9997
v  -13.6006 53.3333 19.9997
v  -13.6006 50.3704 19.9997
v  -13.6006 47.4074 19.9997
v  -13.6006 44.4444 19.9997
v  -20.0016 5.9259 17.8040
v  -20.0016 2.9630 17.8040
v  -20.0016 11.8519 17.8040
v  -20.0016 8.8889 17.8040
v  -20.0016 17.7778 17.8040
v  -20.0016 14.8148 17.8040
v  -20.0016 23.7037 17.8040
v  -20.0016 20.7407 17.8040
v  -20.0016 29.6296 17.8040
v  -20.0016 26.6667 17.8040
v  -20.0016 35.5556 17.8040
v  -20.0016 32.5926 17.8040
v  -20.0016 41.4815 17.8040
v  -20.0016 38.5185 17.8040
v  -20.0016 47.4074 17.8040
v  -20.0016 44.4444 17.8040
v  -20.0016 53.3333 17.8040
v  -20.0016 50.3704 17.8040
v  -20.0016 59.2593 17.8040
v  -20.0016 56.2963 17.8040
v  -20.0016 65.1852 17.8040
v  -20.0016 62.2222 17.8040
v  -20.0016 71.1111 17.8040
v  -20.0016 68.1481 17.8040
v  -20.0016 77.0370 17.8040
v  -20.0016 74.0741 17.8040
v  -20.0017 77.0370 13.5993
v  -20.0017 74.0741 13.5993
v  -20.0017 71.1111 13.5993
v  -20.0017 68.1481 13.5993
v  -20.0017 65.1852 13.5993
v  -20.0017 62.2222 13.5993
v  -20.0017 59.2593 13.5993
v  -20.0017 56.2963 13.5993
v  -20.0017 53.3333 13.5993
v  -20.0017 50.3704 13.5993
v  -20.0017 47.4074 13.5993
v  -20.0017 44.4444 13.5993
v  -20.0017 41.4815 13.5993
v  -17.7989 0.0000 19.9997
v  -17.7984 2.9630 19.9997
v  -17.7984 5.9259 19.9997
v  -17.7984 8.8889 19.9997
v  -17.7984 11.8519 19.9997
v  -17.7984 14.8148 19.9997
v  -17.7984 17.7778 19.9997
v  -17.7984 20.7407 19.9997
v  -17.7984 23.7037 19.9997
v  -17.7984 26.6667 19.9997
v  -17.7984 29.6296 19.9997
v  -17.7984 32.5926 19.9997
v  -17.7984 35.5556 19.9997
v  -17.7984 38.5185 19.9997
v  -17.7984 41.4815 19.9997
v  -17.7984 44.4444 19.9997
v  -17.7984 47.4074 19.9997
v  -17.7984 50.3704 19.9997
v  -17.7984 53.3333 19.9997
v  -17.7984 56.2963 19.9997
v  -17.7984 59.2593 19.9997
v  -17.7984 62.2222 19.9997
v  -17.7984 65.1852 19.9997
v  -17.7984 68.1481 19.9997
v  -17.7984 71.1111 19.9997
v  -17.7984 74.0741 19.9997
v  -17.7984 77.0370 19.9997
v  -17.7989 80.0000 19.9997
v  -13.6006 2.9630 19.9997
v  -13.6006 5.9259 19.9997
v  -13.6006 8.8889 19.9997
v  -13.6006 11.8519 19.9997
v  -13.6006 14.8148 19.9997
v  -13.6006 17.7778 19.9997
v  -13.6006 20.7407 19.9997
v  -13.6006 23.7037 19.9997
v  -13.6006 26.6667 19.9997
v  -13.6006 29.6296 19.9997
v  -13.6006 32.5926 19.9997
v  -13.6006 35.5556 19.9997
v  -20.0017 80.0000 13.5993
v  17.7984 5.9630 -19.9997
v  17.7604 5.9630 -22.0603
v  22.0003 5.9630 -22.0116
v  22.0328 5.9630 -13.5725
v  20.0015 5.9630 -13.5993
v  21.9946 41.4815 -22.0171
v  21.9946 38.5185 -22.0171
v  17.7978 38.5185 -22.0171
v  17.7978 41.4815 -22.0171
v  13.6011 38.5185 -22.0171
v  13.6011 41.4815 -22.0171
v  21.9946 41.4815 -17.8079
v  21.9946 38.5185 -17.8079
v  13.6006 41.5007 -19.9997
v  13.6006 38.5393 -19.9997
v  21.9946 77.0370 -22.0171
v  21.9946 74.0741 -22.0171
v  17.7978 74.0741 -22.0171
v  17.7978 77.0370 -22.0171
v  13.6011 74.0741 -22.0171
v  13.6011 77.0370 -22.0171
v  21.9946 71.1111 -22.0171
v  21.9946 68.1481 -22.0171
v  17.7978 68.1481 -22.0171
v  17.7978 71.1111 -22.0171
v  13.6011 68.1481 -22.0171
v  13.6011 71.1111 -22.0171
v  21.9946 65.1852 -22.0171
v  21.9946 62.2222 -22.0171
v  17.7978 62.2222 -22.0171
v  17.7978 65.1852 -22.0171
v  13.6011 62.2222 -22.0171
v  13.6011 65.1852 -22.0171
v  21.9946 59.2593 -22.0171
v  21.9946 56.2963 -22.0171
v  17.7978 56.2963 -22.0171
v  17.7978 59.2593 -22.0171
v  13.6011 56.2963 -22.0171
v  13.6011 59.2593 -22.0171
v  21.9946 53.3333 -22.0171
v  21.9946 50.3704 -22.0171
v  17.7978 50.3704 -22.0171
v  17.7978 53.3333 -22.0171
v  13.6011 50.3704 -22.0171
v  13.6011 53.3333 -22.0171
v  21.9946 47.4074 -22.0171
v  21.9946 44.4444 -22.0171
v  17.7978 44.4444 -22.0171
v  17.7978 47.4074 -22.0171
v  13.6011 44.4444 -22.0171
v  13.6011 47.4074 -22.0171
v  13.6011 8.8889 -22.0171
v  13.6011 11.8519 -22.0171
v  17.7978 11.8519 -22.0171
v  17.7978 8.8889 -22.0171
v  21.9946 11.8519 -22.0171
v  21.9946 8.8889 -22.0171
v  13.6011 14.8148 -22.0171
v  13.6011 17.7778 -22.0171
v  17.7978 17.7778 -22.0171
v  17.7978 14.8148 -22.0171
v  21.9946 17.7778 -22.0171
v  21.9946 14.8148 -22.0171
v  13.6011 20.7407 -22.0171
v  13.6011 23.7037 -22.0171
v  17.7978 23.7037 -22.0171
v  17.7978 20.7407 -22.0171
v  21.9946 23.7037 -22.0171
v  21.9946 20.7407 -22.0171
v  13.6011 26.6667 -22.0171
v  13.6011 29.6296 -22.0171
v  17.7978 29.6296 -22.0171
v  17.7978 26.6667 -22.0171
v  21.9946 29.6296 -22.0171
v  21.9946 26.6667 -22.0171
v  13.6011 32.5926 -22.0171
v  13.6011 35.5556 -22.0171
v  17.7978 35.5556 -22.0171
v  17.7978 32.5926 -22.0171
v  21.9946 35.5556 -22.0171
v  21.9946 32.5926 -22.0171
v  21.9946 80.0000 -13.5986
v  21.9946 77.0370 -13.5986
v  21.9946 77.0370 -17.8079
v  21.9946 80.0000 -22.0171
v  21.9946 74.0741 -17.8079
v  21.9946 74.0741 -13.5986
v  21.9946 71.1111 -13.5986
v  21.9946 71.1111 -17.8079
v  21.9946 68.1481 -17.8079
v  21.9946 68.1481 -13.5986
v  21.9946 65.1852 -13.5986
v  21.9946 65.1852 -17.8079
v  21.9946 62.2222 -17.8079
v  21.9946 62.2222 -13.5986
v  21.9946 59.2593 -13.5986
v  21.9946 59.2593 -17.8079
v  21.9946 56.2963 -17.8079
v  21.9946 56.2963 -13.5986
v  21.9946 53.3333 -13.5986
v  21.9946 53.3333 -17.8079
v  21.9946 50.3704 -17.8079
v  21.9946 50.3704 -13.5986
v  21.9946 47.4074 -13.5986
v  21.9946 47.4074 -17.8079
v  21.9946 44.4444 -17.8079
v  21.9946 44.4444 -13.5986
v  21.9946 41.4815 -13.5986
v  21.9946 8.8889 -17.8079
v  21.9946 5.9259 -17.8079
v  21.9946 8.8889 -13.5986
v  21.9946 11.8519 -17.8079
v  21.9946 14.8148 -17.8079
v  21.9946 14.8148 -13.5986
v  21.9946 11.8519 -13.5986
v  21.9946 17.7778 -17.8079
v  21.9946 20.7407 -17.8079
v  21.9946 20.7407 -13.5986
v  21.9946 17.7778 -13.5986
v  21.9946 23.7037 -17.8079
v  21.9946 26.6667 -17.8079
v  21.9946 26.6667 -13.5986
v  21.9946 23.7037 -13.5986
v  21.9946 29.6296 -17.8079
v  21.9946 32.5926 -17.8079
v  21.9946 32.5926 -13.5986
v  21.9946 29.6296 -13.5986
v  21.9946 35.5556 -17.8079
v  21.9946 38.5185 -13.5986
v  21.9946 35.5556 -13.5986
v  20.0015 8.9244 -13.5993
v  20.0015 11.8859 -13.5993
v  20.0015 14.8474 -13.5993
v  20.0016 17.8089 -13.5993
v  20.0016 20.7704 -13.5993
v  20.0016 23.7318 -13.5993
v  20.0016 26.6933 -13.5993
v  20.0016 29.6548 -13.5993
v  20.0016 32.6163 -13.5993
v  20.0016 35.5778 -13.5993
v  20.0016 38.5393 -13.5993
v  17.7978 80.0000 -22.0171
v  13.6006 77.0385 -19.9997
v  13.6006 74.0770 -19.9997
v  13.6006 71.1156 -19.9997
v  13.6006 68.1541 -19.9997
v  13.6006 65.1926 -19.9997
v  13.6006 62.2311 -19.9997
v  13.6006 59.2696 -19.9997
v  13.6006 56.3081 -19.9997
v  13.6006 53.3467 -19.9997
v  13.6006 50.3852 -19.9997
v  13.6006 47.4237 -19.9997
v  13.6006 44.4622 -19.9997
v  20.0015 11.8859 -17.8040
v  20.0015 8.9244 -17.8040
v  20.0015 17.8089 -17.8040
v  20.0015 14.8474 -17.8040
v  20.0015 23.7319 -17.8040
v  20.0015 20.7704 -17.8040
v  20.0015 29.6548 -17.8040
v  20.0015 26.6933 -17.8040
v  20.0015 35.5778 -17.8040
v  20.0015 32.6163 -17.8040
v  20.0016 41.5007 -17.8040
v  20.0016 38.5393 -17.8040
v  20.0016 47.4237 -17.8040
v  20.0016 44.4622 -17.8040
v  20.0016 53.3467 -17.8040
v  20.0016 50.3852 -17.8040
v  20.0016 59.2696 -17.8040
v  20.0016 56.3082 -17.8040
v  20.0016 65.1926 -17.8040
v  20.0016 62.2311 -17.8040
v  20.0016 71.1156 -17.8040
v  20.0016 68.1541 -17.8040
v  20.0016 77.0385 -17.8040
v  20.0016 74.0770 -17.8040
v  20.0017 77.0385 -13.5993
v  20.0017 74.0770 -13.5993
v  20.0017 71.1156 -13.5993
v  20.0016 68.1541 -13.5993
v  20.0016 65.1926 -13.5993
v  20.0016 62.2311 -13.5993
v  20.0016 59.2696 -13.5993
v  20.0016 56.3081 -13.5993
v  20.0016 53.3467 -13.5993
v  20.0016 50.3852 -13.5993
v  20.0016 47.4237 -13.5993
v  20.0016 44.4622 -13.5993
v  20.0016 41.5007 -13.5993
v  17.7984 8.9244 -19.9997
v  17.7984 11.8859 -19.9997
v  17.7984 14.8474 -19.9997
v  17.7984 17.8089 -19.9997
v  17.7984 20.7704 -19.9997
v  17.7984 23.7319 -19.9997
v  17.7984 26.6933 -19.9997
v  17.7984 29.6548 -19.9997
v  17.7984 32.6163 -19.9997
v  17.7984 35.5778 -19.9997
v  17.7984 38.5393 -19.9997
v  17.7984 41.5007 -19.9997
v  17.7984 44.4622 -19.9997
v  17.7984 47.4237 -19.9997
v  17.7984 50.3852 -19.9997
v  17.7984 53.3467 -19.9997
v  17.7984 56.3081 -19.9997
v  17.7984 59.2696 -19.9997
v  17.7984 62.2311 -19.9997
v  17.7984 65.1926 -19.9997
v  17.7984 68.1541 -19.9997
v  17.7984 71.1156 -19.9997
v  17.7984 74.0770 -19.9997
v  17.7984 77.0385 -19.9997
v  17.7989 80.0000 -19.9997
v  13.6006 8.9244 -19.9997
v  13.6006 11.8859 -19.9997
v  13.6006 14.8474 -19.9997
v  13.6006 17.8089 -19.9997
v  13.6006 20.7704 -19.9997
v  13.6006 23.7319 -19.9997
v  13.6006 26.6933 -19.9997
v  13.6006 29.6548 -19.9997
v  13.6006 32.6163 -19.9997
v  13.6006 35.5778 -19.9997
v  20.0017 80.0000 -13.5993
v  12.8500 65.0510 -20.0000
v  12.8505 79.9961 -20.0000
v  13.6000 80.0000 -20.0000
v  11.1500 65.0510 -20.0000
v  -13.5733 80.0000 -20.0000
v  -12.8500 65.0510 -20.0000
v  -12.8503 79.9961 -20.0000
v  -11.1500 65.0510 -20.0000
v  -11.1503 79.9961 -20.0000
v  11.1506 79.9961 -20.0000
v  20.0008 79.9961 -12.8495
v  20.0008 65.0512 -12.8495
v  20.0008 65.0512 -11.1495
v  20.0008 79.9961 -11.1495
v  20.0006 65.0514 12.8501
v  20.0008 79.9961 11.1505
v  20.0005 65.0513 11.1501
v  20.0008 79.9961 12.8504
v  -12.8504 79.9961 19.9998
v  -12.8500 65.0509 19.9999
v  12.8500 65.0509 19.9999
v  12.8502 79.9961 19.9998
v  11.1500 65.0509 19.9999
v  11.1503 79.9962 19.9998
v  -11.1500 65.0509 19.9999
v  -11.1504 79.9961 19.9998
v  -20.0008 65.0572 -12.8500
v  -20.0008 79.9961 -12.8506
v  -20.0008 79.9961 12.8505
v  -20.0008 65.0516 12.8502
v  -20.0007 65.0514 11.1502
v  -20.0008 79.9961 11.1506
v  -20.0006 65.0513 -11.1502
v  -20.0008 79.9961 -11.1507
v  12.8500 78.1246 -21.7000
v  12.8500 68.5031 -21.7000
v  11.1500 68.5031 -21.7000
v  11.1500 78.1246 -21.7000
v  11.1500 65.0510 -21.7000
v  12.8500 65.0510 -21.7000
v  12.8500 79.9923 -31.7000
v  12.8500 78.1246 -31.7000
v  11.1500 78.1246 -31.7000
v  11.1500 79.9923 -31.7000
v  11.1500 78.1246 -29.2980
v  11.1500 78.1246 -31.3180
v  12.8500 78.1246 -29.2980
v  12.8500 78.1246 -31.3180
v  11.1500 65.8608 -21.7000
v  12.8500 65.8608 -21.7000
v  -12.8500 78.1246 -21.7000
v  -11.1500 78.1246 -21.7000
v  -11.1500 68.5031 -21.7000
v  -12.8500 68.5031 -21.7000
v  -12.8500 65.0510 -21.7000
v  -11.1500 65.0510 -21.7000
v  -12.8500 79.9923 -31.7000
v  -11.1500 79.9923 -31.7000
v  -11.1500 78.1246 -31.7000
v  -12.8500 78.1246 -31.7000
v  -11.1500 78.1246 -31.3180
v  -11.1500 78.1246 -29.2980
v  -12.8500 78.1246 -29.2980
v  -12.8500 78.1246 -31.3180
v  -12.8500 65.8608 -21.7000
v  -11.1500 65.8608 -21.7000
v  -21.7000 78.1246 -12.8500
v  -21.7000 68.5031 -12.8500
v  -21.7000 68.5031 -11.1500
v  -21.7000 78.1246 -11.1500
v  -21.7000 65.0510 -11.1500
v  -21.7000 65.0510 -12.8500
v  -31.7000 79.9923 -12.8500
v  -31.7000 78.1246 -12.8500
v  -31.7000 78.1246 -11.1500
v  -31.7000 79.9923 -11.1500
v  -29.2980 78.1246 -11.1500
v  -31.3180 78.1246 -11.1500
v  -29.2980 78.1246 -12.8500
v  -31.3180 78.1246 -12.8500
v  -21.7000 65.8608 -11.1500
v  -21.7000 65.8608 -12.8500
v  -21.7000 78.1246 12.8500
v  -21.7000 78.1246 11.1500
v  -21.7000 68.5031 11.1500
v  -21.7000 68.5031 12.8500
v  -21.7000 65.0510 12.8500
v  -21.7000 65.0510 11.1500
v  -31.7000 79.9923 12.8500
v  -31.7000 79.9923 11.1500
v  -31.7000 78.1246 11.1500
v  -31.7000 78.1246 12.8500
v  -31.3180 78.1246 11.1500
v  -29.2980 78.1246 11.1500
v  -29.2980 78.1246 12.8500
v  -31.3180 78.1246 12.8500
v  -21.7000 65.8608 12.8500
v  -21.7000 65.8608 11.1500
v  -12.8500 78.1246 21.7000
v  -12.8500 68.5031 21.7000
v  -11.1500 68.5031 21.7000
v  -11.1500 78.1246 21.7000
v  -11.1500 65.0510 21.7000
v  -12.8500 65.0510 21.7000
v  -12.8500 79.9923 31.7000
v  -12.8500 78.1246 31.7000
v  -11.1500 78.1246 31.7000
v  -11.1500 79.9923 31.7000
v  -11.1500 78.1246 29.2980
v  -11.1500 78.1246 31.3180
v  -12.8500 78.1246 29.2980
v  -12.8500 78.1246 31.3180
v  -11.1500 65.8608 21.7000
v  -12.8500 65.8608 21.7000
v  12.8500 78.1246 21.7000
v  11.1500 78.1246 21.7000
v  11.1500 68.5031 21.7000
v  12.8500 68.5031 21.7000
v  12.8500 65.0510 21.7000
v  11.1500 65.0510 21.7000
v  12.8500 79.9923 31.7000
v  11.1500 79.9923 31.7000
v  11.1500 78.1246 31.7000
v  12.8500 78.1246 31.7000
v  11.1500 78.1246 31.3180
v  11.1500 78.1246 29.2980
v  12.8500 78.1246 29.2980
v  12.8500 78.1246 31.3180
v  12.8500 65.8608 21.7000
v  11.1500 65.8608 21.7000
v  21.7000 78.1246 12.8500
v  21.7000 68.5031 12.8500
v  21.7000 68.5031 11.1500
v  21.7000 78.1246 11.1500
v  21.7000 65.0510 11.1500
v  21.7000 65.0510 12.8500
v  31.7000 79.9923 12.8500
v  31.7000 78.1246 12.8500
v  31.7000 78.1246 11.1500
v  31.7000 79.9923 11.1500
v  29.2980 78.1246 11.1500
v  31.3180 78.1246 11.1500
v  29.2980 78.1246 12.8500
v  31.3180 78.1246 12.8500
v  21.7000 65.8608 11.1500
v  21.7000 65.8608 12.8500
v  21.7000 78.1246 -12.8500
v  21.7000 78.1246 -11.1500
v  21.7000 68.5031 -11.1500
v  21.7000 68.5031 -12.8500
v  21.7000 65.0510 -12.8500
v  21.7000 65.0510 -11.1500
v  31.7000 79.9923 -12.8500
v  31.7000 79.9923 -11.1500
v  31.7000 78.1246 -11.1500
v  31.7000 78.1246 -12.8500
v  31.3180 78.1246 -11.1500
v  29.2980 78.1246 -11.1500
v  29.2980 78.1246 -12.8500
v  31.3180 78.1246 -12.8500
v  21.7000 65.8608 -12.8500
v  21.7000 65.8608 -11.1500
v  -2.0014 144.2007 4.3354
v  -4.3354 144.2007 2.0014
v  4.3354 144.2007 2.0014
v  2.0014 144.2007 4.3354
v  -4.3354 144.2007 -2.0014
v  -2.0014 144.2007 -4.3354
v  2.0014 144.2007 -4.3354
v  4.3354 144.2007 -2.0014
v  -0.2335 150.4876 0.5058
v  -0.5058 150.4876 0.2335
v  0.5058 150.4876 0.2335
v  0.2335 150.4876 0.5058
v  -0.5058 150.4876 -0.2335
v  -0.2335 150.4876 -0.5058
v  0.2335 150.4876 -0.5058
v  0.5058 150.4876 -0.2335
v  -0.1797 150.4876 -0.3758
v  0.1797 150.4876 -0.3758
v  -0.3758 150.4876 -0.1797
v  -0.3758 150.4876 0.1797
v  -0.1797 150.4876 0.3758
v  0.1797 150.4876 0.3758
v  0.3758 150.4876 0.1797
v  0.3758 150.4876 -0.1797
v  0.0000 178.8506 0.0000
v  -0.1561 178.6817 -0.3768
v  -0.3768 178.6817 -0.1561
v  -0.3768 178.6817 0.1561
v  -0.1561 178.6817 0.3768
v  0.1561 178.6817 0.3768
v  0.3768 178.6817 0.1561
v  0.3768 178.6817 -0.1561
v  0.1561 178.6817 -0.3768
v  -0.5328 178.2739 -0.2207
v  -0.2207 178.2739 -0.5328
v  -0.5328 178.2739 0.2207
v  -0.2207 178.2739 0.5328
v  0.2207 178.2739 0.5328
v  0.5328 178.2739 0.2207
v  0.5328 178.2739 -0.2207
v  0.2207 178.2739 -0.5328
v  -0.3768 177.8661 -0.1561
v  -0.1561 177.8661 -0.3768
v  -0.3768 177.8661 0.1561
v  -0.1561 177.8661 0.3768
v  0.1561 177.8661 0.3768
v  0.3768 177.8661 0.1561
v  0.3768 177.8661 -0.1561
v  0.1561 177.8661 -0.3768
# 2148 vertices

vn 0.0000 -1.0000 -0.0000
vn -0.4234 0.8009 0.4234
vn 0.4234 0.8009 0.4234
vn -0.4234 0.8009 -0.4234
vn 0.4234 0.8009 -0.4234
vn -0.5663 -0.5988 -0.5663
vn 0.7071 0.0000 0.7071
vn 0.7071 -0.0000 0.7071
vn 0.7071 -0.0000 -0.7071
vn 0.7071 0.0000 -0.7071
vn 0.8840 -0.4674 -0.0000
vn 0.6324 0.7746 -0.0000
vn 0.8840 -0.4674 0.0000
vn 0.6324 0.7746 0.0000
vn -0.7071 0.0000 0.7071
vn -0.7071 -0.0000 0.7071
vn 0.7071 0.0001 0.7071
vn -0.0000 -0.4674 0.8840
vn -0.0000 0.7746 0.6324
vn 0.0000 0.7746 0.6324
vn -0.7071 0.0000 -0.7071
vn -0.7071 -0.0000 -0.7071
vn 0.0000 -0.4674 -0.8840
vn -0.0000 0.7746 -0.6324
vn 0.0000 0.7746 -0.6324
vn -0.0000 -0.4674 -0.8840
vn -0.8840 -0.4674 -0.0000
vn -0.6324 0.7746 0.0000
vn -0.6324 0.7746 -0.0000
vn -0.8840 -0.4674 0.0000
vn -0.5663 -0.5988 0.5663
vn 0.5663 -0.5988 0.5663
vn 0.5663 -0.5988 -0.5663
vn 0.0000 0.0000 1.0000
vn 1.0000 0.0000 -0.0000
vn 0.0000 0.0000 -1.0000
vn -1.0000 0.0000 -0.0000
vn -0.0000 1.0000 0.0000
vn 0.0000 1.0000 -0.0000
vn -0.0000 1.0000 -0.0000
vn 1.0000 -0.0000 -0.0000
vn -1.0000 0.0000 0.0000
vn 1.0000 0.0000 0.0000
vn 0.0000 -0.0000 1.0000
vn -0.0000 0.0000 -1.0000
vn -0.0000 0.0000 1.0000
vn -1.0000 -0.0000 0.0000
vn -1.0000 -0.0000 -0.0000
vn -0.0000 -0.0000 -1.0000
vn 0.0000 -0.0000 -1.0000
vn -0.0000 -1.0000 0.0000
vn -0.0000 -1.0000 -0.0000
vn 0.0000 1.0000 0.0000
vn 0.0000 -1.0000 0.0000
vn 0.0000 0.8168 0.5769
vn 0.0000 -0.8168 -0.5769
vn 0.0000 0.8409 0.5411
vn 0.0000 -0.8409 -0.5411
vn 0.0000 0.8410 0.5411
vn 0.0000 -0.8410 -0.5411
vn 0.5769 0.8168 -0.0000
vn -0.5769 -0.8168 -0.0000
vn -0.0000 -0.0000 1.0000
vn 0.5411 0.8409 -0.0000
vn -0.5411 -0.8409 -0.0000
vn 0.5411 0.8410 -0.0000
vn -0.5411 -0.8410 -0.0000
vn -0.5769 0.8168 -0.0000
vn 0.5769 -0.8168 -0.0000
vn -0.5411 0.8409 -0.0000
vn 0.5411 -0.8409 -0.0000
vn -0.5411 0.8410 -0.0000
vn 0.5411 -0.8410 -0.0000
vn -0.0001 1.0000 0.0002
vn 0.0000 0.0002 -1.0000
vn -0.0001 1.0000 0.0000
vn -0.0000 1.0000 0.0003
vn -0.0000 0.0001 1.0000
vn 1.0000 -0.0000 -0.0001
vn 1.0000 -0.0001 -0.0001
vn -1.0000 0.0000 0.0002
vn 1.0000 -0.0000 0.0002
vn 0.0000 1.0000 -0.0001
vn 0.0016 -1.0000 0.0001
vn -0.0016 -1.0000 0.0001
vn 0.0000 -1.0000 0.0035
vn -0.0000 -1.0000 0.0035
vn -1.0000 0.0006 0.0000
vn -0.0004 -0.0002 -1.0000
vn 0.0007 0.0002 1.0000
vn -1.0000 0.0006 -0.0000
vn 0.0005 0.0003 1.0000
vn -0.0010 -0.0003 -1.0000
vn 0.0000 -1.0000 0.0001
vn -0.0002 -1.0000 -0.0000
vn -0.0002 -1.0000 0.0000
vn 0.0000 1.0000 0.0035
vn 0.0131 0.9999 -0.0000
vn 0.0000 1.0000 -0.0035
vn 0.0131 0.9999 0.0000
vn 1.0000 0.0006 0.0000
vn 0.0004 -0.0002 -1.0000
vn -0.0007 0.0002 1.0000
vn 1.0000 0.0006 -0.0000
vn -0.0004 0.0003 1.0000
vn 0.0010 -0.0003 -1.0000
vn -0.0000 -1.0000 0.0001
vn 0.0002 -1.0000 -0.0000
vn 0.0002 -1.0000 0.0000
vn -0.0131 0.9999 0.0000
vn -0.0000 1.0000 0.0035
vn -0.0000 0.0006 -1.0000
vn 1.0000 -0.0002 -0.0004
vn -1.0000 0.0002 0.0008
vn 0.0000 0.0006 -1.0000
vn -1.0000 0.0003 0.0004
vn 1.0000 -0.0003 -0.0010
vn 1.0000 -0.0000 0.0000
vn 0.0000 -1.0000 -0.0002
vn 0.0001 -1.0000 0.0000
vn -0.0035 1.0000 -0.0000
vn 0.0000 0.9999 0.0131
vn 0.0035 1.0000 0.0000
vn -0.0000 0.9999 0.0131
vn 0.0000 0.0001 1.0000
vn 1.0000 -0.0002 0.0003
vn -1.0000 0.0002 -0.0007
vn -1.0000 0.0003 -0.0003
vn 1.0000 -0.0003 0.0010
vn -0.0001 -1.0000 -0.0000
vn 0.0000 -1.0000 0.0002
vn -0.0000 -1.0000 0.0002
vn 0.0036 1.0000 0.0000
vn -0.0000 0.9999 -0.0128
vn -0.0035 1.0000 0.0000
vn 0.0241 0.0040 -0.9997
vn 1.0000 0.0000 -0.0069
vn -0.0064 0.0000 1.0000
vn 1.0000 -0.0000 -0.0069
vn -0.0002 0.0000 1.0000
vn 1.0000 -0.0001 -0.0013
vn 1.0000 0.0000 -0.0014
vn 1.0000 -0.0000 -0.0014
vn 1.0000 0.0001 -0.0013
vn 0.0002 1.0000 0.0002
vn -0.0000 1.0000 -0.0001
vn -1.0000 0.0000 -0.0005
vn 0.0007 -0.0010 1.0000
vn 0.0001 0.0002 1.0000
vn 1.0000 0.0011 -0.0005
vn -0.0055 -0.0002 -1.0000
vn -0.0043 -0.0002 -1.0000
vn -0.0032 -0.0002 -1.0000
vn -0.0020 -0.0002 -1.0000
vn 0.0019 -0.0000 -1.0000
vn 0.0024 -0.0001 -1.0000
vn 0.0028 -0.0001 -1.0000
vn 0.0032 -0.0001 -1.0000
vn 0.0036 -0.0001 -1.0000
vn 0.0040 -0.0001 -1.0000
vn 0.0044 -0.0001 -1.0000
vn 0.0048 -0.0001 -1.0000
vn 0.0052 -0.0001 -1.0000
vn 0.0056 -0.0001 -1.0000
vn 0.0060 -0.0001 -1.0000
vn -0.0021 -1.0000 -0.0000
vn 0.0042 1.0000 -0.0000
vn -0.0063 -1.0000 -0.0000
vn 0.0003 1.0000 -0.0000
vn 0.0007 -1.0000 -0.0000
vn -0.0018 1.0000 -0.0000
vn -0.0007 -1.0000 -0.0000
vn -0.0014 1.0000 0.0000
vn 0.0015 -1.0000 -0.0000
vn -0.0001 1.0000 -0.0000
vn -0.0013 -1.0000 0.0000
vn 0.0001 1.0000 0.0000
vn -0.0026 -1.0000 -0.0000
vn -0.0027 -1.0000 -0.0000
vn 0.0013 1.0000 -0.0000
vn -0.0015 -1.0000 -0.0000
vn -0.0007 1.0000 -0.0000
vn 0.0021 -1.0000 -0.0000
vn 0.0005 -1.0000 -0.0000
vn -0.0020 1.0000 0.0000
vn -0.9999 0.0000 -0.0120
vn -0.9999 -0.0000 -0.0120
vn -0.9999 0.0001 -0.0121
vn 0.0000 1.0000 0.0021
vn 0.0000 -1.0000 -0.0042
vn 0.0000 1.0000 0.0063
vn 0.0000 -1.0000 -0.0003
vn 0.0000 1.0000 -0.0007
vn 0.0000 -1.0000 0.0018
vn 0.0000 1.0000 0.0007
vn 0.0000 -1.0000 0.0013
vn 0.0000 1.0000 -0.0014
vn 0.0000 1.0000 0.0012
vn 0.0000 -1.0000 -0.0001
vn 0.0000 1.0000 0.0025
vn -0.0000 1.0000 0.0027
vn 0.0000 -1.0000 -0.0013
vn 0.0000 1.0000 0.0015
vn 0.0000 -1.0000 0.0007
vn -0.0000 1.0000 -0.0021
vn 0.0000 1.0000 -0.0005
vn -0.0000 -1.0000 0.0020
vn -1.0000 0.0001 -0.0006
vn 0.0061 -0.0002 -1.0000
vn 0.0049 -0.0002 -1.0000
vn 0.0038 -0.0002 -1.0000
vn 0.0026 -0.0002 -1.0000
vn 0.0014 -0.0002 -1.0000
vn 0.0003 -0.0002 -1.0000
vn -0.0009 -0.0002 -1.0000
vn 1.0000 0.0000 0.0003
vn 0.0003 0.0000 -1.0000
vn -0.0019 0.0000 -1.0000
vn 1.0000 -0.0001 -0.0004
vn 1.0000 0.0000 -0.0003
vn 1.0000 0.0001 -0.0004
vn -1.0000 0.0001 -0.0000
vn 0.0029 1.0000 -0.0000
vn -0.0000 1.0000 0.0025
vn -0.0025 1.0000 0.0000
vn 0.0000 1.0000 -0.0022
vn -1.0000 0.0000 -0.0003
vn 1.0000 0.0010 0.0007
vn 1.0000 0.0065 -0.0046
vn -0.0068 0.0044 1.0000
vn -0.0003 0.0000 1.0000
vn 0.0058 0.0064 -1.0000
vn -1.0000 -0.0000 -0.0003
vn 0.0019 -0.0000 1.0000
vn 0.0019 0.0000 1.0000
vn -0.0007 -1.0000 0.0000
vn 0.0015 1.0000 -0.0000
vn -0.0022 -1.0000 0.0000
vn 0.0030 1.0000 -0.0000
vn -0.0037 -1.0000 0.0000
vn 0.0045 1.0000 -0.0000
vn -0.0052 -1.0000 0.0000
vn 0.0059 1.0000 0.0000
vn -0.0067 -1.0000 -0.0000
vn 0.0074 1.0000 -0.0000
vn -0.0082 -1.0000 0.0000
vn 0.0089 1.0000 -0.0000
vn -0.0097 -1.0000 0.0000
vn 0.0178 0.9998 -0.0000
vn -0.0171 -0.9999 0.0000
vn 0.0164 0.9999 -0.0000
vn -0.0156 -0.9999 0.0000
vn 0.0149 0.9999 -0.0000
vn -0.0141 -0.9999 -0.0000
vn 0.0134 0.9999 0.0000
vn -0.0126 -0.9999 0.0000
vn 0.0119 0.9999 -0.0000
vn -0.0111 -0.9999 -0.0000
vn 0.0104 0.9999 0.0000
vn -0.9999 0.0063 0.0094
vn -1.0000 0.0000 0.0003
vn -1.0000 0.0001 0.0004
vn 0.0000 -1.0000 0.0015
vn 0.0000 -1.0000 0.0029
vn 0.0000 1.0000 -0.0037
vn 0.0000 -1.0000 0.0044
vn 0.0000 1.0000 -0.0051
vn 0.0000 -1.0000 0.0059
vn 0.0000 1.0000 -0.0066
vn 0.0000 -1.0000 0.0073
vn 0.0000 1.0000 -0.0081
vn -0.0000 -1.0000 0.0088
vn 0.0000 1.0000 -0.0095
vn 0.0000 -0.9998 0.0176
vn 0.0000 0.9999 -0.0169
vn -0.0000 -0.9999 0.0162
vn -0.0000 0.9999 -0.0154
vn 0.0000 -0.9999 0.0147
vn -0.0000 0.9999 -0.0140
vn 0.0000 -0.9999 0.0132
vn -0.0000 0.9999 -0.0125
vn 0.0000 -0.9999 0.0117
vn 0.0000 0.9999 -0.0110
vn 0.0000 -0.9999 0.0103
vn 0.0003 -0.0000 -1.0000
vn 0.0000 -0.0001 -1.0000
vn 0.0004 0.0000 -1.0000
vn 0.0001 -0.0001 -1.0000
vn 0.0001 0.0000 -1.0000
vn -0.0000 0.0059 1.0000
vn -0.0000 -0.0001 -1.0000
vn -0.0220 0.0000 -0.9998
vn -0.0001 -0.0000 -1.0000
vn 1.0000 -0.0000 -0.0033
vn 1.0000 -0.0003 -0.0002
vn 1.0000 -0.0003 0.0002
vn 1.0000 -0.0001 0.0001
vn 1.0000 0.0000 0.0001
vn 1.0000 -0.0002 0.0001
vn 1.0000 0.0001 -0.0000
vn 1.0000 -0.0000 0.0011
vn 1.0000 -0.0000 0.0001
vn 1.0000 0.0002 -0.0001
vn 1.0000 -0.0000 -0.0002
vn 1.0000 0.0002 -0.0004
vn 1.0000 0.0000 -0.0001
vn 1.0000 -0.0000 -0.0013
vn 1.0000 -0.0000 -0.0011
vn 1.0000 -0.0001 0.0000
vn -0.0003 -0.0002 1.0000
vn -0.0004 0.0000 1.0000
vn -0.0001 -0.0000 1.0000
vn 0.0004 -0.0000 1.0000
vn 0.0002 -0.0000 1.0000
vn 0.0002 0.0000 1.0000
vn 0.0000 0.0002 1.0000
vn 0.0001 0.0000 1.0000
vn 0.0001 -0.0000 1.0000
vn 0.0003 0.0000 1.0000
vn -0.0001 0.0001 1.0000
vn -0.0000 -0.0001 1.0000
vn -0.0001 0.0000 1.0000
vn -1.0000 -0.0000 0.0010
vn -1.0000 0.0000 0.0010
vn -1.0000 -0.0000 0.0002
vn -1.0000 -0.0000 0.0001
vn -1.0000 0.0000 -0.0002
vn -1.0000 -0.0000 -0.0002
vn -1.0000 -0.0003 -0.0001
vn -1.0000 -0.0000 -0.0011
vn -1.0000 0.0000 -0.0011
vn -1.0000 0.0000 -0.0001
vn -1.0000 -0.0000 -0.0001
vn -1.0000 0.0000 0.0001
vn -1.0000 0.0002 0.0001
vn -1.0000 0.0002 0.0004
vn -1.0000 0.0003 0.0000
vn 1.0000 -0.0001 -0.0000
vn 0.0000 -0.6171 -0.7869
vn 0.0000 0.6197 0.7848
vn -1.0000 -0.0001 -0.0000
vn 0.0019 -1.0000 -0.0017
vn 0.0000 0.0004 1.0000
vn -0.0000 -0.0002 -1.0000
vn -0.7869 -0.6171 -0.0000
vn 0.7848 0.6197 -0.0000
vn -0.0004 -0.0000 -1.0000
vn 0.0003 -1.0000 0.0000
vn 0.0000 0.0003 -1.0000
vn -0.0000 -0.0002 1.0000
vn 0.0002 0.0000 -1.0000
vn -0.0002 -0.0000 1.0000
vn 1.0000 0.0002 0.0000
vn -1.0000 -0.0001 0.0000
vn -0.0000 -0.6171 0.7869
vn 0.0000 0.6197 -0.7848
vn -1.0000 0.0001 0.0000
vn 0.0000 -0.6171 0.7869
vn -0.0000 0.6197 -0.7848
vn 0.0000 -0.0001 1.0000
vn 0.7869 -0.6171 -0.0000
vn -0.7848 0.6197 -0.0000
vn -0.0002 0.0000 -1.0000
vn -0.0001 -1.0000 0.0000
vn 0.0000 -0.0003 1.0000
vn -0.0000 0.0001 -1.0000
vn 0.0003 -0.0000 1.0000
vn -0.0003 0.0000 -1.0000
vn 0.2920 -0.9108 -0.2920
vn 0.3628 -0.2784 0.8893
vn -0.2920 -0.9108 -0.2920
vn 0.2920 -0.9108 0.2920
vn -0.2920 -0.9108 0.2920
vn -0.3628 -0.2784 -0.8893
vn 0.8893 -0.2784 0.3628
vn 0.1692 -0.9856 -0.0000
vn -0.3628 -0.2784 0.8893
vn 0.0000 -0.9856 0.1692
vn 0.8893 -0.2784 -0.3628
vn -0.8893 -0.2784 -0.3628
vn 0.0000 -0.9856 -0.1692
vn -0.8893 -0.2784 0.3628
vn -0.1692 -0.9856 -0.0000
vn 0.3628 -0.2784 -0.8893
vn -0.5984 0.5328 0.5984
vn 0.5984 0.5328 0.5984
vn -0.5984 0.5328 -0.5984
vn 0.5984 0.5328 -0.5984
vn 0.8540 0.5202 -0.0000
vn 0.0000 0.5202 0.8540
vn 0.0000 0.5202 -0.8540
vn -0.8540 0.5202 -0.0000
vn -0.2893 0.9125 -0.2893
vn -0.4091 0.9125 -0.0000
vn -0.2893 0.9125 0.2893
vn 0.0000 0.9125 0.4091
vn 0.2893 0.9125 0.2893
vn 0.4091 0.9125 0.0000
vn 0.2893 0.9125 -0.2893
vn 0.0000 0.9125 -0.4091
vn -0.6604 0.3574 -0.6604
vn -0.9339 0.3574 -0.0000
vn -0.6604 0.3574 0.6604
vn 0.0000 0.3574 0.9339
vn 0.6604 0.3574 0.6604
vn 0.9339 0.3574 0.0000
vn 0.6604 0.3574 -0.6604
vn 0.0000 0.3574 -0.9339
vn -0.6604 -0.3574 -0.6604
vn -0.9339 -0.3574 -0.0000
vn -0.6604 -0.3574 0.6604
vn 0.0000 -0.3574 0.9339
vn 0.6604 -0.3574 0.6604
vn 0.9339 -0.3574 0.0000
vn 0.6604 -0.3574 -0.6604
vn 0.0000 -0.3574 -0.9339
vn -0.7071 0.0006 0.7071
vn 0.7071 0.0006 0.7071
vn 0.7071 0.0006 -0.7071
vn -0.7071 0.0006 -0.7071
vn 1.0000 -0.0000 0.0005
vn 1.0000 -0.0000 0.0010
vn 1.0000 0.0000 0.0010
vn 1.0000 0.0002 0.0005
vn -1.0000 0.0001 0.0011
vn -1.0000 0.0000 0.0029
vn -1.0000 -0.0004 0.0011
vn 0.0011 -0.0001 -1.0000
vn 0.0033 0.0000 -1.0000
vn 0.0033 -0.0000 -1.0000
vn 0.0011 0.0004 -1.0000
vn 0.0024 0.0002 1.0000
vn 0.0072 0.0000 1.0000
vn 0.0024 -0.0008 1.0000
vn -0.0006 0.0000 -1.0000
vn -0.0013 -0.0000 -1.0000
vn -0.0013 0.0000 -1.0000
vn -0.0006 -0.0002 -1.0000
vn 1.0000 0.0001 -0.0011
vn 1.0000 0.0000 -0.0023
vn 1.0000 -0.0003 -0.0011
vn 1.0000 0.0001 -0.0012
vn 1.0000 -0.0000 -0.0031
vn 1.0000 -0.0004 -0.0012
vn 1.0000 0.0000 -0.0031
vn -1.0000 0.0001 0.0015
vn -1.0000 -0.0000 0.0033
vn -1.0000 0.0000 0.0033
vn -1.0000 -0.0005 0.0015
vn -1.0000 0.0001 0.0012
vn -1.0000 0.0000 0.0031
vn -1.0000 -0.0004 0.0012
vn -1.0000 -0.0000 0.0031
vn -1.0000 -0.0000 0.0003
vn 1.0000 0.0002 -0.0035
vn 1.0000 0.0000 -0.0092
vn 1.0000 -0.0011 -0.0035
vn 0.0006 -0.0002 -1.0000
vn 0.0013 -0.0000 -1.0000
vn 0.0013 0.0000 -1.0000
vn 0.0006 0.0000 -1.0000
vn -0.0011 0.0004 -1.0000
vn -0.0034 -0.0000 -1.0000
vn -0.0034 0.0000 -1.0000
vn -0.0011 -0.0001 -1.0000
vn -0.0025 -0.0008 1.0000
vn -0.0074 0.0000 1.0000
vn -0.0025 0.0002 1.0000
vn -1.0000 -0.0001 -0.0009
vn -1.0000 0.0000 -0.0020
vn -1.0000 0.0003 -0.0009
vn -1.0000 -0.0001 -0.0012
vn -1.0000 0.0004 -0.0012
vn -1.0000 0.0000 -0.0031
vn -1.0000 -0.0000 -0.0031
vn 1.0000 -0.0001 0.0012
vn 1.0000 0.0004 0.0012
vn 1.0000 -0.0000 0.0031
vn 1.0000 0.0000 0.0031
vn 1.0000 -0.0002 0.0022
vn 1.0000 -0.0000 0.0059
vn 1.0000 0.0000 0.0059
vn 1.0000 0.0007 0.0022
# 483 vertex normals

vt 0.0180 0.9786 0.0000
vt 0.2941 0.9786 0.0000
vt 0.2982 0.9897 0.0000
vt 0.0139 0.9897 0.0000
vt 0.0181 0.9785 0.0000
vt 0.2939 0.9785 0.0000
vt 0.2980 0.9900 0.0000
vt 0.0140 0.9900 0.0000
vt 0.0180 0.9788 0.0000
vt 0.2939 0.9788 0.0000
vt 0.2980 0.9898 0.0000
vt 0.0139 0.9898 0.0000
vt 0.2940 0.9785 0.0000
vt 0.2981 0.9898 0.0000
vt 0.0140 0.9898 0.0000
vt 0.0072 0.9828 0.0000
vt 0.3049 0.9828 0.0000
vt 0.3047 0.9830 0.0000
vt 0.0073 0.9830 0.0000
vt 0.5136 0.5166 0.0000
vt 0.5136 0.4985 0.0000
vt 0.9711 0.4985 0.0000
vt 0.9711 0.5166 0.0000
vt 0.5102 0.5166 0.0000
vt 0.5102 0.4985 0.0000
vt 0.9705 0.5237 0.0000
vt 0.9425 0.5202 0.0000
vt 0.9419 0.5237 0.0000
vt 0.9139 0.5202 0.0000
vt 0.9133 0.5237 0.0000
vt 0.8853 0.5202 0.0000
vt 0.8847 0.5237 0.0000
vt 0.8567 0.5202 0.0000
vt 0.8561 0.5237 0.0000
vt 0.8281 0.5202 0.0000
vt 0.8275 0.5237 0.0000
vt 0.7996 0.5202 0.0000
vt 0.7990 0.5237 0.0000
vt 0.7710 0.5202 0.0000
vt 0.7704 0.5237 0.0000
vt 0.7424 0.5202 0.0000
vt 0.7418 0.5237 0.0000
vt 0.7138 0.5202 0.0000
vt 0.7132 0.5237 0.0000
vt 0.6852 0.5202 0.0000
vt 0.6846 0.5237 0.0000
vt 0.6566 0.5202 0.0000
vt 0.6560 0.5237 0.0000
vt 0.6280 0.5202 0.0000
vt 0.6274 0.5237 0.0000
vt 0.5994 0.5202 0.0000
vt 0.5988 0.5237 0.0000
vt 0.5708 0.5202 0.0000
vt 0.5702 0.5237 0.0000
vt 0.5422 0.5202 0.0000
vt 0.5416 0.5237 0.0000
vt 0.5136 0.5202 0.0000
vt 0.5136 0.4949 0.0000
vt 0.5422 0.4949 0.0000
vt 0.5416 0.4914 0.0000
vt 0.5702 0.4914 0.0000
vt 0.5708 0.4949 0.0000
vt 0.5988 0.4914 0.0000
vt 0.5994 0.4949 0.0000
vt 0.6274 0.4914 0.0000
vt 0.6280 0.4949 0.0000
vt 0.6560 0.4914 0.0000
vt 0.6566 0.4949 0.0000
vt 0.6846 0.4914 0.0000
vt 0.6852 0.4949 0.0000
vt 0.7132 0.4914 0.0000
vt 0.7138 0.4949 0.0000
vt 0.7418 0.4914 0.0000
vt 0.7424 0.4949 0.0000
vt 0.7704 0.4914 0.0000
vt 0.7710 0.4949 0.0000
vt 0.7990 0.4914 0.0000
vt 0.7996 0.4949 0.0000
vt 0.8276 0.4914 0.0000
vt 0.8282 0.4949 0.0000
vt 0.8562 0.4914 0.0000
vt 0.8568 0.4949 0.0000
vt 0.8848 0.4914 0.0000
vt 0.8854 0.4949 0.0000
vt 0.9133 0.4914 0.0000
vt 0.9139 0.4949 0.0000
vt 0.9419 0.4914 0.0000
vt 0.9425 0.4949 0.0000
vt 0.9705 0.4914 0.0000
vt 0.9716 0.5685 0.0000
vt 0.4324 0.5685 0.0000
vt 0.4338 0.5654 0.0000
vt 0.9702 0.5654 0.0000
vt 0.9541 0.5913 0.0000
vt 0.4499 0.5913 0.0000
vt 0.9555 0.5941 0.0000
vt 0.4485 0.5941 0.0000
vt 0.9380 0.6118 0.0000
vt 0.4660 0.6118 0.0000
vt 0.7303 0.9471 0.0000
vt 0.6737 0.9471 0.0000
vt 0.6751 0.9443 0.0000
vt 0.7289 0.9443 0.0000
vt 0.6576 0.9215 0.0000
vt 0.7464 0.9215 0.0000
vt 0.6590 0.9187 0.0000
vt 0.7450 0.9187 0.0000
vt 0.6415 0.8959 0.0000
vt 0.7625 0.8959 0.0000
vt 0.6429 0.8932 0.0000
vt 0.7611 0.8932 0.0000
vt 0.6254 0.8703 0.0000
vt 0.7786 0.8703 0.0000
vt 0.6268 0.8676 0.0000
vt 0.7772 0.8676 0.0000
vt 0.6093 0.8447 0.0000
vt 0.7947 0.8447 0.0000
vt 0.6108 0.8420 0.0000
vt 0.7932 0.8420 0.0000
vt 0.5932 0.8192 0.0000
vt 0.8108 0.8192 0.0000
vt 0.5947 0.8164 0.0000
vt 0.8093 0.8164 0.0000
vt 0.5772 0.7936 0.0000
vt 0.8268 0.7936 0.0000
vt 0.5786 0.7908 0.0000
vt 0.8254 0.7908 0.0000
vt 0.5611 0.7680 0.0000
vt 0.8429 0.7680 0.0000
vt 0.5625 0.7653 0.0000
vt 0.8415 0.7653 0.0000
vt 0.5450 0.7424 0.0000
vt 0.8590 0.7424 0.0000
vt 0.5464 0.7397 0.0000
vt 0.8576 0.7397 0.0000
vt 0.5289 0.7168 0.0000
vt 0.8751 0.7168 0.0000
vt 0.5303 0.7141 0.0000
vt 0.8737 0.7141 0.0000
vt 0.5128 0.6912 0.0000
vt 0.8912 0.6912 0.0000
vt 0.5142 0.6885 0.0000
vt 0.8898 0.6885 0.0000
vt 0.4967 0.6657 0.0000
vt 0.9073 0.6657 0.0000
vt 0.4982 0.6629 0.0000
vt 0.9058 0.6629 0.0000
vt 0.4806 0.6401 0.0000
vt 0.9234 0.6401 0.0000
vt 0.4821 0.6373 0.0000
vt 0.9219 0.6373 0.0000
vt 0.4646 0.6145 0.0000
vt 0.9394 0.6145 0.0000
vt 0.7128 0.9699 0.0000
vt 0.6912 0.9699 0.0000
vt 0.8568 0.5202 0.0000
vt 0.8562 0.5237 0.0000
vt 0.8282 0.5202 0.0000
vt 0.8276 0.5237 0.0000
vt 0.7989 0.4914 0.0000
vt 0.7995 0.4949 0.0000
vt 0.8275 0.4914 0.0000
vt 0.8281 0.4949 0.0000
vt 0.8561 0.4914 0.0000
vt 0.8567 0.4949 0.0000
vt 0.8847 0.4914 0.0000
vt 0.8853 0.4949 0.0000
vt 0.9555 0.5940 0.0000
vt 0.4484 0.5940 0.0000
vt 0.9380 0.6117 0.0000
vt 0.4660 0.6117 0.0000
vt 0.6751 0.9444 0.0000
vt 0.7289 0.9444 0.0000
vt 0.6590 0.9188 0.0000
vt 0.7450 0.9188 0.0000
vt 0.6415 0.8960 0.0000
vt 0.7625 0.8960 0.0000
vt 0.6254 0.8704 0.0000
vt 0.7786 0.8704 0.0000
vt 0.7771 0.8676 0.0000
vt 0.6093 0.8448 0.0000
vt 0.7947 0.8448 0.0000
vt 0.6107 0.8420 0.0000
vt 0.8107 0.8192 0.0000
vt 0.5947 0.8165 0.0000
vt 0.8093 0.8165 0.0000
vt 0.5771 0.7936 0.0000
vt 0.5786 0.7909 0.0000
vt 0.8254 0.7909 0.0000
vt 0.8897 0.6885 0.0000
vt 0.4981 0.6629 0.0000
vt 0.9233 0.6401 0.0000
vt 0.4645 0.6145 0.0000
vt 0.7128 0.9700 0.0000
vt 0.6912 0.9700 0.0000
vt 0.9715 0.5684 0.0000
vt 0.4324 0.5684 0.0000
vt 0.4338 0.5653 0.0000
vt 0.9701 0.5653 0.0000
vt 0.9540 0.5913 0.0000
vt 0.9554 0.5940 0.0000
vt 0.4485 0.5940 0.0000
vt 0.9379 0.6117 0.0000
vt 0.6736 0.9471 0.0000
vt 0.6750 0.9444 0.0000
vt 0.7288 0.9444 0.0000
vt 0.6575 0.9215 0.0000
vt 0.7463 0.9215 0.0000
vt 0.7449 0.9188 0.0000
vt 0.6414 0.8959 0.0000
vt 0.7624 0.8959 0.0000
vt 0.7610 0.8932 0.0000
vt 0.7785 0.8703 0.0000
vt 0.7946 0.8447 0.0000
vt 0.7931 0.8420 0.0000
vt 0.5946 0.8164 0.0000
vt 0.8092 0.8164 0.0000
vt 0.8267 0.7936 0.0000
vt 0.5785 0.7908 0.0000
vt 0.8253 0.7908 0.0000
vt 0.5610 0.7680 0.0000
vt 0.8428 0.7680 0.0000
vt 0.5625 0.7652 0.0000
vt 0.8414 0.7652 0.0000
vt 0.8589 0.7424 0.0000
vt 0.8575 0.7397 0.0000
vt 0.8750 0.7168 0.0000
vt 0.8736 0.7141 0.0000
vt 0.8911 0.6912 0.0000
vt 0.8896 0.6885 0.0000
vt 0.4967 0.6656 0.0000
vt 0.9072 0.6656 0.0000
vt 0.9057 0.6629 0.0000
vt 0.4806 0.6400 0.0000
vt 0.9232 0.6400 0.0000
vt 0.9218 0.6373 0.0000
vt 0.9393 0.6145 0.0000
vt 0.7127 0.9699 0.0000
vt 0.6911 0.9699 0.0000
vt 0.7995 0.5202 0.0000
vt 0.7989 0.5237 0.0000
vt 0.7709 0.5202 0.0000
vt 0.7703 0.5237 0.0000
vt 0.9714 0.5684 0.0000
vt 0.9700 0.5653 0.0000
vt 0.9539 0.5912 0.0000
vt 0.4499 0.5912 0.0000
vt 0.9553 0.5940 0.0000
vt 0.9378 0.6117 0.0000
vt 0.4659 0.6117 0.0000
vt 0.7302 0.9471 0.0000
vt 0.6589 0.9188 0.0000
vt 0.7448 0.9188 0.0000
vt 0.6428 0.8932 0.0000
vt 0.7609 0.8932 0.0000
vt 0.6253 0.8703 0.0000
vt 0.7784 0.8703 0.0000
vt 0.6267 0.8676 0.0000
vt 0.7770 0.8676 0.0000
vt 0.6092 0.8447 0.0000
vt 0.7945 0.8447 0.0000
vt 0.5932 0.8191 0.0000
vt 0.8106 0.8191 0.0000
vt 0.8252 0.7908 0.0000
vt 0.5624 0.7652 0.0000
vt 0.8413 0.7652 0.0000
vt 0.5449 0.7424 0.0000
vt 0.8588 0.7424 0.0000
vt 0.5463 0.7396 0.0000
vt 0.8574 0.7396 0.0000
vt 0.5288 0.7168 0.0000
vt 0.8749 0.7168 0.0000
vt 0.5303 0.7140 0.0000
vt 0.8735 0.7140 0.0000
vt 0.8910 0.6912 0.0000
vt 0.9071 0.6656 0.0000
vt 0.4820 0.6373 0.0000
vt 0.9217 0.6373 0.0000
vt 0.4645 0.6144 0.0000
vt 0.9392 0.6144 0.0000
vt 0.5068 0.5166 0.0000
vt 0.5068 0.4985 0.0000
vt 0.2934 0.9423 0.0000
vt 0.0178 0.9423 0.0000
vt 0.0909 0.8664 0.0000
vt 0.2202 0.8664 0.0000
vt 0.2936 0.9422 0.0000
vt 0.0177 0.9422 0.0000
vt 0.0909 0.8668 0.0000
vt 0.2203 0.8668 0.0000
vt 0.2935 0.9423 0.0000
vt 0.0176 0.9423 0.0000
vt 0.0908 0.8662 0.0000
vt 0.2203 0.8662 0.0000
vt 0.2936 0.9420 0.0000
vt 0.0176 0.9420 0.0000
vt 0.0909 0.8665 0.0000
vt 0.2203 0.8665 0.0000
vt 0.2859 0.9498 0.0000
vt 0.0253 0.9498 0.0000
vt 0.5027 0.9952 0.0000
vt 0.5027 0.7331 0.0000
vt 0.5181 0.7489 0.0000
vt 0.5181 0.9795 0.0000
vt 0.0256 0.9707 0.0000
vt 0.2864 0.9707 0.0000
vt 0.5028 0.7332 0.0000
vt 0.5028 0.9952 0.0000
vt 0.4874 0.9795 0.0000
vt 0.4874 0.7489 0.0000
vt 0.5028 0.9953 0.0000
vt 0.5182 0.7490 0.0000
vt 0.5182 0.9796 0.0000
vt 0.0257 0.9704 0.0000
vt 0.2863 0.9704 0.0000
vt 0.4873 0.9795 0.0000
vt 0.4873 0.7489 0.0000
vt 0.2859 0.9500 0.0000
vt 0.0253 0.9500 0.0000
vt 0.5028 0.9954 0.0000
vt 0.5027 0.7332 0.0000
vt 0.5182 0.7489 0.0000
vt 0.5181 0.9796 0.0000
vt 0.0257 0.9709 0.0000
vt 0.2863 0.9709 0.0000
vt 0.4874 0.9796 0.0000
vt 0.4874 0.7490 0.0000
vt 0.2858 0.9502 0.0000
vt 0.0254 0.9502 0.0000
vt 0.5182 0.9795 0.0000
vt 0.0258 0.9705 0.0000
vt 0.2864 0.9705 0.0000
vt 0.0732 0.9518 0.0000
vt 0.0732 0.9576 0.0000
vt 0.0254 0.9576 0.0000
vt 0.0817 0.9518 0.0000
vt 0.1253 0.9518 0.0000
vt 0.2858 0.9576 0.0000
vt 0.2379 0.9576 0.0000
vt 0.2379 0.9518 0.0000
vt 0.2294 0.9518 0.0000
vt 0.1859 0.9518 0.0000
vt 0.2294 0.9576 0.0000
vt 0.1859 0.9576 0.0000
vt 0.1774 0.9518 0.0000
vt 0.1338 0.9518 0.0000
vt 0.1774 0.9576 0.0000
vt 0.1338 0.9576 0.0000
vt 0.0817 0.9576 0.0000
vt 0.1253 0.9576 0.0000
vt 0.4509 0.9180 0.0000
vt 0.4578 0.9181 0.0000
vt 0.4580 0.9783 0.0000
vt 0.4477 0.9783 0.0000
vt 0.4509 0.9093 0.0000
vt 0.4509 0.8171 0.0000
vt 0.4477 0.7485 0.0000
vt 0.4580 0.7485 0.0000
vt 0.4579 0.8084 0.0000
vt 0.4509 0.8084 0.0000
vt 0.4579 0.8171 0.0000
vt 0.4578 0.9094 0.0000
vt 0.4326 0.7485 0.0000
vt 0.4326 0.9783 0.0000
vt 0.4223 0.9099 0.0000
vt 0.4222 0.8173 0.0000
vt 0.4293 0.8173 0.0000
vt 0.4295 0.9098 0.0000
vt 0.4293 0.8086 0.0000
vt 0.4222 0.8086 0.0000
vt 0.4222 0.7485 0.0000
vt 0.4222 0.9783 0.0000
vt 0.4222 0.9186 0.0000
vt 0.4295 0.9185 0.0000
vt 0.2859 0.9503 0.0000
vt 0.0252 0.9503 0.0000
vt 0.1671 0.8586 0.0000
vt 0.0147 0.8586 0.0000
vt 0.0148 0.7472 0.0000
vt 0.1671 0.7472 0.0000
vt 0.0147 0.7322 0.0000
vt 0.1671 0.7322 0.0000
vt 0.1671 0.7160 0.0000
vt 0.0147 0.7160 0.0000
vt 0.0147 0.7005 0.0000
vt 0.1671 0.7005 0.0000
vt 0.1342 0.9629 0.0000
vt 0.1778 0.9629 0.0000
vt 0.1778 0.9688 0.0000
vt 0.1342 0.9688 0.0000
vt 0.1863 0.9688 0.0000
vt 0.1863 0.9629 0.0000
vt 0.2299 0.9629 0.0000
vt 0.2299 0.9688 0.0000
vt 0.2384 0.9629 0.0000
vt 0.2863 0.9629 0.0000
vt 0.2384 0.9688 0.0000
vt 0.0257 0.9629 0.0000
vt 0.0736 0.9629 0.0000
vt 0.0736 0.9688 0.0000
vt 0.0821 0.9688 0.0000
vt 0.0821 0.9629 0.0000
vt 0.1257 0.9629 0.0000
vt 0.1257 0.9688 0.0000
vt 0.1337 0.9576 0.0000
vt 0.1337 0.9518 0.0000
vt 0.1252 0.9518 0.0000
vt 0.1252 0.9576 0.0000
vt 0.0816 0.9576 0.0000
vt 0.0816 0.9518 0.0000
vt 0.0731 0.9576 0.0000
vt 0.0252 0.9576 0.0000
vt 0.0731 0.9518 0.0000
vt 0.2859 0.9576 0.0000
vt 0.2380 0.9576 0.0000
vt 0.2380 0.9518 0.0000
vt 0.2295 0.9518 0.0000
vt 0.2295 0.9576 0.0000
vt 0.1858 0.9576 0.0000
vt 0.1858 0.9518 0.0000
vt 0.2837 0.7073 0.0000
vt 0.2837 0.7170 0.0000
vt 0.3975 0.6425 0.0000
vt 0.3977 0.6328 0.0000
vt 0.2880 0.7240 0.0000
vt 0.4018 0.6495 0.0000
vt 0.2796 0.7004 0.0000
vt 0.3934 0.6258 0.0000
vt 0.2883 0.8728 0.0000
vt 0.2925 0.8798 0.0000
vt 0.4063 0.8053 0.0000
vt 0.4021 0.7983 0.0000
vt 0.2926 0.8892 0.0000
vt 0.4065 0.8150 0.0000
vt 0.2966 0.8962 0.0000
vt 0.4104 0.8216 0.0000
vt 0.2792 0.6019 0.0000
vt 0.3934 0.6019 0.0000
vt 0.4104 0.9168 0.0000
vt 0.2966 0.9168 0.0000
vt 0.1864 0.9691 0.0000
vt 0.1864 0.9628 0.0000
vt 0.2300 0.9628 0.0000
vt 0.2300 0.9691 0.0000
vt 0.2385 0.9691 0.0000
vt 0.2385 0.9628 0.0000
vt 0.2864 0.9628 0.0000
vt 0.1779 0.9691 0.0000
vt 0.0256 0.9628 0.0000
vt 0.0735 0.9628 0.0000
vt 0.0735 0.9691 0.0000
vt 0.0820 0.9691 0.0000
vt 0.1257 0.9691 0.0000
vt 0.0820 0.9628 0.0000
vt 0.1257 0.9628 0.0000
vt 0.1342 0.9691 0.0000
vt 0.1342 0.9628 0.0000
vt 0.1779 0.9628 0.0000
vt 0.2295 0.9577 0.0000
vt 0.1859 0.9577 0.0000
vt 0.1859 0.9514 0.0000
vt 0.2295 0.9514 0.0000
vt 0.1774 0.9514 0.0000
vt 0.1774 0.9577 0.0000
vt 0.1338 0.9577 0.0000
vt 0.1338 0.9514 0.0000
vt 0.1253 0.9514 0.0000
vt 0.1253 0.9577 0.0000
vt 0.0817 0.9577 0.0000
vt 0.0817 0.9514 0.0000
vt 0.0732 0.9514 0.0000
vt 0.0732 0.9577 0.0000
vt 0.0253 0.9577 0.0000
vt 0.2380 0.9514 0.0000
vt 0.2859 0.9577 0.0000
vt 0.2380 0.9577 0.0000
vt 0.0258 0.9630 0.0000
vt 0.0737 0.9630 0.0000
vt 0.1258 0.9688 0.0000
vt 0.0821 0.9630 0.0000
vt 0.1258 0.9630 0.0000
vt 0.1343 0.9688 0.0000
vt 0.1779 0.9688 0.0000
vt 0.1343 0.9630 0.0000
vt 0.1779 0.9630 0.0000
vt 0.2300 0.9688 0.0000
vt 0.1864 0.9688 0.0000
vt 0.1864 0.9630 0.0000
vt 0.2300 0.9630 0.0000
vt 0.2385 0.9688 0.0000
vt 0.2863 0.9630 0.0000
vt 0.2385 0.9630 0.0000
vt 0.0820 0.9630 0.0000
vt 0.1257 0.9630 0.0000
vt 0.1257 0.9693 0.0000
vt 0.0820 0.9693 0.0000
vt 0.1342 0.9693 0.0000
vt 0.1342 0.9630 0.0000
vt 0.1778 0.9630 0.0000
vt 0.1778 0.9693 0.0000
vt 0.1863 0.9693 0.0000
vt 0.1863 0.9630 0.0000
vt 0.2299 0.9630 0.0000
vt 0.2299 0.9693 0.0000
vt 0.2384 0.9693 0.0000
vt 0.2384 0.9630 0.0000
vt 0.0735 0.9693 0.0000
vt 0.0257 0.9630 0.0000
vt 0.0736 0.9630 0.0000
vt 0.2859 0.9579 0.0000
vt 0.2380 0.9579 0.0000
vt 0.2381 0.9516 0.0000
vt 0.2296 0.9516 0.0000
vt 0.2296 0.9579 0.0000
vt 0.1859 0.9579 0.0000
vt 0.1859 0.9516 0.0000
vt 0.1774 0.9516 0.0000
vt 0.1775 0.9579 0.0000
vt 0.1338 0.9579 0.0000
vt 0.1338 0.9516 0.0000
vt 0.1253 0.9516 0.0000
vt 0.1253 0.9579 0.0000
vt 0.0817 0.9579 0.0000
vt 0.0817 0.9516 0.0000
vt 0.0732 0.9516 0.0000
vt 0.0732 0.9579 0.0000
vt 0.0253 0.9579 0.0000
vt 0.1122 0.4758 0.0000
vt 0.1122 0.6309 0.0000
vt 0.0140 0.6309 0.0000
vt 0.0140 0.4758 0.0000
vt 0.1268 0.6221 0.0000
vt 0.1268 0.4846 0.0000
vt 0.1515 0.4846 0.0000
vt 0.1515 0.6221 0.0000
vt 0.1122 0.6895 0.0000
vt 0.0140 0.6895 0.0000
vt 0.1513 0.6397 0.0000
vt 0.1513 0.6896 0.0000
vt 0.1268 0.6896 0.0000
vt 0.1268 0.6397 0.0000
vt 0.1121 0.3918 0.0000
vt 0.0975 0.3918 0.0000
vt 0.0975 0.3771 0.0000
vt 0.1121 0.3771 0.0000
vt 0.0973 0.3771 0.0000
vt 0.0828 0.3771 0.0000
vt 0.0828 0.3625 0.0000
vt 0.0973 0.3625 0.0000
vt 0.1268 0.3918 0.0000
vt 0.1122 0.3918 0.0000
vt 0.1122 0.3830 0.0000
vt 0.1268 0.3830 0.0000
vt 0.0975 0.3683 0.0000
vt 0.1121 0.3683 0.0000
vt 0.0828 0.3538 0.0000
vt 0.0973 0.3538 0.0000
vt 0.0140 0.0941 0.0000
vt 0.0240 0.0941 0.0000
vt 0.0240 0.1029 0.0000
vt 0.0140 0.1029 0.0000
vt 0.0386 0.1029 0.0000
vt 0.0386 0.1174 0.0000
vt 0.0240 0.1174 0.0000
vt 0.0387 0.1086 0.0000
vt 0.0533 0.1086 0.0000
vt 0.0533 0.1174 0.0000
vt 0.0387 0.1174 0.0000
vt 0.0533 0.1320 0.0000
vt 0.0387 0.1320 0.0000
vt 0.0534 0.1232 0.0000
vt 0.0680 0.1232 0.0000
vt 0.0680 0.1320 0.0000
vt 0.0534 0.1320 0.0000
vt 0.0680 0.1467 0.0000
vt 0.0534 0.1467 0.0000
vt 0.0680 0.1386 0.0000
vt 0.0826 0.1386 0.0000
vt 0.0826 0.1467 0.0000
vt 0.0680 0.3625 0.0000
vt 0.0140 0.2414 0.0000
vt 0.0680 0.2414 0.0000
vt 0.0826 0.2326 0.0000
vt 0.1803 0.3692 0.0000
vt 0.1803 0.3839 0.0000
vt 0.1657 0.3839 0.0000
vt 0.1511 0.3985 0.0000
vt 0.1657 0.3985 0.0000
vt 0.1511 0.4671 0.0000
vt 0.1268 0.4671 0.0000
vt 0.1414 0.3918 0.0000
vt 0.1560 0.3771 0.0000
vt 0.1414 0.3771 0.0000
vt 0.1560 0.3625 0.0000
vt 0.1706 0.3625 0.0000
vt 0.1706 0.2502 0.0000
vt 0.1949 0.2502 0.0000
vt 0.1949 0.3692 0.0000
vt 0.0971 0.1467 0.0000
vt 0.1070 0.2326 0.0000
vt 0.1070 0.1388 0.0000
vt 0.0971 0.1320 0.0000
vt 0.1216 0.1388 0.0000
vt 0.1117 0.1320 0.0000
vt 0.1216 0.1241 0.0000
vt 0.1117 0.1174 0.0000
vt 0.1263 0.1174 0.0000
vt 0.1362 0.1241 0.0000
vt 0.1263 0.1029 0.0000
vt 0.1362 0.1029 0.0000
vt 0.2498 0.4003 0.0000
vt 0.2498 0.4105 0.0000
vt 0.1537 0.4105 0.0000
vt 0.1537 0.4003 0.0000
vt 0.2631 0.3692 0.0000
vt 0.2631 0.3839 0.0000
vt 0.2498 0.4118 0.0000
vt 0.2498 0.4220 0.0000
vt 0.1537 0.4220 0.0000
vt 0.1537 0.4118 0.0000
vt 0.2485 0.3839 0.0000
vt 0.2485 0.3985 0.0000
vt 0.2498 0.4232 0.0000
vt 0.2498 0.4335 0.0000
vt 0.1537 0.4335 0.0000
vt 0.1537 0.4232 0.0000
vt 0.2245 0.5286 0.0000
vt 0.2653 0.4846 0.0000
vt 0.2450 0.5286 0.0000
vt 0.2653 0.5345 0.0000
vt 0.2450 0.5345 0.0000
vt 0.1070 0.1886 0.0000
vt 0.1216 0.1886 0.0000
vt 0.1658 0.1238 0.0000
vt 0.1658 0.1736 0.0000
vt 0.1415 0.1736 0.0000
vt 0.1415 0.1238 0.0000
vt 0.1216 0.1740 0.0000
vt 0.1362 0.1740 0.0000
vt 0.2483 0.0582 0.0000
vt 0.1797 0.0583 0.0000
vt 0.1797 0.0465 0.0000
vt 0.2483 0.0465 0.0000
vt 0.1797 0.0161 0.0000
vt 0.2483 0.0161 0.0000
vt 0.2483 0.0700 0.0000
vt 0.1797 0.0700 0.0000
vt 0.2678 0.0935 0.0000
vt 0.2823 0.0935 0.0000
vt 0.2823 0.1146 0.0000
vt 0.2678 0.1146 0.0000
vt 0.1797 0.0935 0.0000
vt 0.1797 0.1146 0.0000
vt 0.1652 0.1146 0.0000
vt 0.1652 0.0935 0.0000
vt 0.2678 0.0724 0.0000
vt 0.1797 0.0724 0.0000
vt 0.1856 0.1189 0.0000
vt 0.1856 0.1357 0.0000
vt 0.1797 0.1357 0.0000
vt 0.2678 0.1357 0.0000
vt 0.2620 0.1357 0.0000
vt 0.2620 0.1189 0.0000
vt 0.2504 0.1189 0.0000
vt 0.1971 0.1189 0.0000
vt 0.2504 0.1625 0.0000
vt 0.1971 0.1625 0.0000
vt 0.3725 0.1090 0.0000
vt 0.3025 0.1090 0.0000
vt 0.3025 0.0965 0.0000
vt 0.3724 0.0965 0.0000
vt 0.3724 0.0621 0.0000
vt 0.3025 0.0621 0.0000
vt 0.3024 0.1208 0.0000
vt 0.3724 0.1208 0.0000
vt 0.3023 0.1533 0.0000
vt 0.3895 0.1533 0.0000
vt 0.3895 0.1799 0.0000
vt 0.3023 0.1799 0.0000
vt 0.2806 0.1533 0.0000
vt 0.2806 0.1799 0.0000
vt 0.4112 0.1799 0.0000
vt 0.4112 0.1533 0.0000
vt 0.3895 0.1267 0.0000
vt 0.3023 0.1267 0.0000
vt 0.3589 0.2306 0.0000
vt 0.3325 0.2306 0.0000
vt 0.3327 0.1839 0.0000
vt 0.3591 0.1839 0.0000
vt 0.3142 0.2066 0.0000
vt 0.3023 0.2066 0.0000
vt 0.3142 0.1839 0.0000
vt 0.3776 0.1839 0.0000
vt 0.3895 0.2066 0.0000
vt 0.3776 0.2066 0.0000
vt 0.3894 0.1798 0.0000
vt 0.3021 0.1798 0.0000
vt 0.3021 0.1533 0.0000
vt 0.3894 0.1533 0.0000
vt 0.4112 0.1798 0.0000
vt 0.3894 0.1268 0.0000
vt 0.3021 0.1268 0.0000
vt 0.2802 0.1533 0.0000
vt 0.2802 0.1798 0.0000
vt 0.3140 0.1837 0.0000
vt 0.3139 0.2063 0.0000
vt 0.3021 0.2063 0.0000
vt 0.3325 0.1837 0.0000
vt 0.3894 0.2063 0.0000
vt 0.3775 0.2063 0.0000
vt 0.3775 0.1837 0.0000
vt 0.3590 0.1837 0.0000
vt 0.3590 0.2307 0.0000
vt 0.3325 0.2307 0.0000
vt 0.3894 0.1800 0.0000
vt 0.3021 0.1800 0.0000
vt 0.4112 0.1800 0.0000
vt 0.2803 0.1800 0.0000
vt 0.2803 0.1533 0.0000
vt 0.3021 0.1266 0.0000
vt 0.3894 0.1266 0.0000
vt 0.3140 0.1840 0.0000
vt 0.3140 0.2066 0.0000
vt 0.3021 0.2066 0.0000
vt 0.3894 0.2066 0.0000
vt 0.3775 0.2066 0.0000
vt 0.3775 0.1840 0.0000
vt 0.3590 0.1840 0.0000
vt 0.3325 0.1840 0.0000
vt 0.3590 0.2306 0.0000
vt 0.3022 0.1800 0.0000
vt 0.3022 0.1534 0.0000
vt 0.3894 0.1534 0.0000
vt 0.2804 0.1800 0.0000
vt 0.2804 0.1534 0.0000
vt 0.3022 0.1267 0.0000
vt 0.3894 0.1267 0.0000
vt 0.4112 0.1534 0.0000
vt 0.3326 0.2307 0.0000
vt 0.3140 0.2067 0.0000
vt 0.3022 0.2067 0.0000
vt 0.3894 0.2067 0.0000
vt 0.3775 0.2067 0.0000
vt 0.3023 0.1532 0.0000
vt 0.3895 0.1532 0.0000
vt 0.2805 0.1532 0.0000
vt 0.2805 0.1799 0.0000
vt 0.4113 0.1799 0.0000
vt 0.4113 0.1532 0.0000
vt 0.3895 0.1265 0.0000
vt 0.3023 0.1265 0.0000
vt 0.3141 0.2065 0.0000
vt 0.3023 0.2065 0.0000
vt 0.3141 0.1839 0.0000
vt 0.3777 0.1839 0.0000
vt 0.3895 0.2065 0.0000
vt 0.3777 0.2065 0.0000
vt 0.3896 0.1798 0.0000
vt 0.3896 0.1533 0.0000
vt 0.4115 0.1798 0.0000
vt 0.4115 0.1533 0.0000
vt 0.3896 0.1267 0.0000
vt 0.3021 0.1267 0.0000
vt 0.3140 0.1838 0.0000
vt 0.3140 0.2064 0.0000
vt 0.3021 0.2064 0.0000
vt 0.3326 0.1838 0.0000
vt 0.3896 0.2064 0.0000
vt 0.3777 0.2064 0.0000
vt 0.3777 0.1838 0.0000
vt 0.3592 0.1838 0.0000
vt 0.3589 0.2308 0.0000
vt 0.3324 0.2308 0.0000
vt 0.3895 0.1800 0.0000
vt 0.3022 0.1533 0.0000
vt 0.4113 0.1533 0.0000
vt 0.4113 0.1800 0.0000
vt 0.2804 0.1533 0.0000
vt 0.3141 0.1840 0.0000
vt 0.3141 0.2066 0.0000
vt 0.3022 0.2066 0.0000
vt 0.3776 0.1840 0.0000
vt 0.3591 0.1840 0.0000
vt 0.3326 0.1840 0.0000
vt 0.3022 0.1799 0.0000
vt 0.3896 0.1799 0.0000
vt 0.2804 0.1799 0.0000
vt 0.4114 0.1533 0.0000
vt 0.4114 0.1799 0.0000
vt 0.3324 0.2306 0.0000
vt 0.3326 0.1839 0.0000
vt 0.3022 0.2065 0.0000
vt 0.3024 0.1533 0.0000
vt 0.3024 0.1799 0.0000
vt 0.3896 0.1266 0.0000
vt 0.3024 0.1266 0.0000
vt 0.3328 0.1839 0.0000
vt 0.3592 0.1839 0.0000
vt 0.3024 0.2066 0.0000
vt 0.3896 0.2066 0.0000
vt 0.3777 0.2066 0.0000
vt 0.3895 0.1266 0.0000
vt 0.3142 0.1838 0.0000
vt 0.3328 0.1838 0.0000
vt 0.7083 0.4061 0.0000
vt 0.7083 0.4398 0.0000
vt 0.6882 0.4398 0.0000
vt 0.6883 0.4061 0.0000
vt 0.6883 0.3725 0.0000
vt 0.7083 0.3725 0.0000
vt 0.6883 0.3389 0.0000
vt 0.7083 0.3388 0.0000
vt 0.7083 0.4559 0.0000
vt 0.6882 0.4559 0.0000
vt 0.9489 0.4061 0.0000
vt 0.9489 0.4398 0.0000
vt 0.9288 0.4398 0.0000
vt 0.9288 0.4062 0.0000
vt 0.9288 0.3725 0.0000
vt 0.9489 0.3726 0.0000
vt 0.9088 0.4061 0.0000
vt 0.9088 0.4397 0.0000
vt 0.8887 0.4397 0.0000
vt 0.8888 0.4061 0.0000
vt 0.8888 0.3725 0.0000
vt 0.9088 0.3725 0.0000
vt 0.8687 0.4061 0.0000
vt 0.8687 0.4398 0.0000
vt 0.8487 0.4398 0.0000
vt 0.8487 0.4061 0.0000
vt 0.8487 0.3725 0.0000
vt 0.8687 0.3725 0.0000
vt 0.8286 0.4061 0.0000
vt 0.8286 0.4398 0.0000
vt 0.8085 0.4398 0.0000
vt 0.8086 0.4061 0.0000
vt 0.8086 0.3725 0.0000
vt 0.8286 0.3725 0.0000
vt 0.7885 0.4061 0.0000
vt 0.7885 0.4398 0.0000
vt 0.7684 0.4398 0.0000
vt 0.7684 0.4061 0.0000
vt 0.7684 0.3725 0.0000
vt 0.7885 0.3725 0.0000
vt 0.7484 0.4061 0.0000
vt 0.7484 0.4398 0.0000
vt 0.7283 0.4398 0.0000
vt 0.7284 0.4061 0.0000
vt 0.7284 0.3725 0.0000
vt 0.7484 0.3725 0.0000
vt 0.4476 0.4061 0.0000
vt 0.4476 0.3725 0.0000
vt 0.4677 0.3725 0.0000
vt 0.4677 0.4061 0.0000
vt 0.4677 0.4397 0.0000
vt 0.4476 0.4397 0.0000
vt 0.4878 0.4061 0.0000
vt 0.4878 0.3725 0.0000
vt 0.5078 0.3725 0.0000
vt 0.5078 0.4061 0.0000
vt 0.5078 0.4398 0.0000
vt 0.4877 0.4398 0.0000
vt 0.5278 0.4061 0.0000
vt 0.5278 0.3725 0.0000
vt 0.5479 0.3725 0.0000
vt 0.5479 0.4061 0.0000
vt 0.5479 0.4398 0.0000
vt 0.5278 0.4398 0.0000
vt 0.5679 0.4061 0.0000
vt 0.5679 0.3725 0.0000
vt 0.5880 0.3725 0.0000
vt 0.5880 0.4061 0.0000
vt 0.5880 0.4398 0.0000
vt 0.5679 0.4398 0.0000
vt 0.6080 0.4061 0.0000
vt 0.6080 0.3725 0.0000
vt 0.6281 0.3725 0.0000
vt 0.6281 0.4061 0.0000
vt 0.6281 0.4398 0.0000
vt 0.6080 0.4398 0.0000
vt 0.6482 0.4061 0.0000
vt 0.6482 0.3725 0.0000
vt 0.6682 0.3725 0.0000
vt 0.6682 0.4061 0.0000
vt 0.6682 0.4398 0.0000
vt 0.6481 0.4398 0.0000
vt 0.9690 0.3052 0.0000
vt 0.9690 0.3726 0.0000
vt 0.9489 0.3389 0.0000
vt 0.9489 0.3052 0.0000
vt 0.9289 0.3388 0.0000
vt 0.9088 0.3388 0.0000
vt 0.9088 0.3052 0.0000
vt 0.9288 0.3051 0.0000
vt 0.8888 0.3388 0.0000
vt 0.8687 0.3388 0.0000
vt 0.8687 0.3052 0.0000
vt 0.8888 0.3052 0.0000
vt 0.8487 0.3388 0.0000
vt 0.8286 0.3388 0.0000
vt 0.8286 0.3052 0.0000
vt 0.8487 0.3052 0.0000
vt 0.8086 0.3388 0.0000
vt 0.7885 0.3388 0.0000
vt 0.7885 0.3052 0.0000
vt 0.8086 0.3052 0.0000
vt 0.7684 0.3388 0.0000
vt 0.7484 0.3388 0.0000
vt 0.7484 0.3052 0.0000
vt 0.7684 0.3052 0.0000
vt 0.7284 0.3388 0.0000
vt 0.7083 0.3052 0.0000
vt 0.7283 0.3052 0.0000
vt 0.4274 0.3391 0.0000
vt 0.4276 0.3052 0.0000
vt 0.4476 0.3052 0.0000
vt 0.4476 0.3389 0.0000
vt 0.4276 0.3725 0.0000
vt 0.4677 0.3389 0.0000
vt 0.4677 0.3052 0.0000
vt 0.4878 0.3052 0.0000
vt 0.4878 0.3389 0.0000
vt 0.5078 0.3389 0.0000
vt 0.5078 0.3052 0.0000
vt 0.5278 0.3052 0.0000
vt 0.5278 0.3389 0.0000
vt 0.5479 0.3389 0.0000
vt 0.5479 0.3052 0.0000
vt 0.5679 0.3052 0.0000
vt 0.5679 0.3389 0.0000
vt 0.5880 0.3389 0.0000
vt 0.5880 0.3052 0.0000
vt 0.6080 0.3052 0.0000
vt 0.6080 0.3389 0.0000
vt 0.6281 0.3389 0.0000
vt 0.6281 0.3052 0.0000
vt 0.6482 0.3052 0.0000
vt 0.6482 0.3389 0.0000
vt 0.6682 0.3389 0.0000
vt 0.6682 0.3052 0.0000
vt 0.6883 0.3052 0.0000
vt 0.4276 0.2893 0.0000
vt 0.4476 0.2893 0.0000
vt 0.4677 0.2892 0.0000
vt 0.4877 0.2892 0.0000
vt 0.5078 0.2892 0.0000
vt 0.5278 0.2892 0.0000
vt 0.5479 0.2892 0.0000
vt 0.5679 0.2892 0.0000
vt 0.5880 0.2892 0.0000
vt 0.6080 0.2892 0.0000
vt 0.6281 0.2892 0.0000
vt 0.6481 0.2892 0.0000
vt 0.6682 0.2892 0.0000
vt 0.6882 0.2892 0.0000
vt 0.9690 0.4061 0.0000
vt 0.4276 0.4061 0.0000
vt 0.9489 0.4558 0.0000
vt 0.9289 0.4558 0.0000
vt 0.9088 0.4559 0.0000
vt 0.8887 0.4559 0.0000
vt 0.8687 0.4559 0.0000
vt 0.8486 0.4559 0.0000
vt 0.8286 0.4559 0.0000
vt 0.8085 0.4559 0.0000
vt 0.7885 0.4559 0.0000
vt 0.7684 0.4559 0.0000
vt 0.7484 0.4559 0.0000
vt 0.7283 0.4559 0.0000
vt 0.4476 0.3229 0.0000
vt 0.4677 0.3229 0.0000
vt 0.4877 0.3229 0.0000
vt 0.5078 0.3229 0.0000
vt 0.5278 0.3229 0.0000
vt 0.5479 0.3229 0.0000
vt 0.5679 0.3229 0.0000
vt 0.5880 0.3229 0.0000
vt 0.6080 0.3229 0.0000
vt 0.6281 0.3229 0.0000
vt 0.6481 0.3229 0.0000
vt 0.6682 0.3229 0.0000
vt 0.6882 0.3229 0.0000
vt 0.7083 0.3229 0.0000
vt 0.7283 0.3229 0.0000
vt 0.7484 0.3229 0.0000
vt 0.7684 0.3229 0.0000
vt 0.7885 0.3229 0.0000
vt 0.8085 0.3229 0.0000
vt 0.8286 0.3229 0.0000
vt 0.8486 0.3229 0.0000
vt 0.8687 0.3229 0.0000
vt 0.8887 0.3229 0.0000
vt 0.9088 0.3229 0.0000
vt 0.9289 0.3230 0.0000
vt 0.9489 0.3230 0.0000
vt 0.4712 0.4620 0.0000
vt 0.4712 0.4822 0.0000
vt 0.4299 0.4822 0.0000
vt 0.4300 0.4620 0.0000
vt 0.4300 0.4820 0.0000
vt 0.4298 0.4618 0.0000
vt 0.4713 0.4618 0.0000
vt 0.4713 0.4820 0.0000
vt 0.4712 0.4820 0.0000
vt 0.4298 0.4820 0.0000
vt 0.4711 0.4620 0.0000
vt 0.4299 0.4820 0.0000
vt 0.4299 0.4620 0.0000
vt 0.4712 0.4621 0.0000
vt 0.4712 0.4821 0.0000
vt 0.4298 0.4821 0.0000
vt 0.4299 0.4621 0.0000
vt 0.4711 0.4619 0.0000
vt 0.4299 0.4821 0.0000
vt 0.4299 0.4619 0.0000
vt 0.4711 0.4820 0.0000
vt 0.4300 0.4619 0.0000
vt 0.4712 0.4619 0.0000
vt 0.4710 0.4618 0.0000
vt 0.4299 0.4618 0.0000
vt 0.4299 0.4818 0.0000
vt 0.4712 0.4622 0.0000
vt 0.4711 0.4821 0.0000
vt 0.4300 0.4821 0.0000
vt 0.4298 0.4620 0.0000
vt 0.4713 0.4619 0.0000
vt 0.4713 0.4821 0.0000
vt 0.4710 0.4619 0.0000
vt 0.4298 0.4619 0.0000
vt 0.4476 0.4222 0.0000
vt 0.4276 0.4222 0.0000
vt 0.4878 0.4222 0.0000
vt 0.4677 0.4222 0.0000
vt 0.5278 0.4222 0.0000
vt 0.5078 0.4222 0.0000
vt 0.5679 0.4222 0.0000
vt 0.5479 0.4222 0.0000
vt 0.6080 0.4222 0.0000
vt 0.5880 0.4222 0.0000
vt 0.6481 0.4222 0.0000
vt 0.6281 0.4222 0.0000
vt 0.6882 0.4222 0.0000
vt 0.6682 0.4222 0.0000
vt 0.7283 0.4222 0.0000
vt 0.7083 0.4222 0.0000
vt 0.7684 0.4222 0.0000
vt 0.7484 0.4222 0.0000
vt 0.8085 0.4222 0.0000
vt 0.7885 0.4222 0.0000
vt 0.8486 0.4222 0.0000
vt 0.8286 0.4222 0.0000
vt 0.8887 0.4223 0.0000
vt 0.8687 0.4223 0.0000
vt 0.9287 0.4225 0.0000
vt 0.9086 0.4223 0.0000
vt 0.9690 0.4223 0.0000
vt 0.9489 0.4223 0.0000
vt 0.4712 0.4819 0.0000
vt 0.4300 0.4819 0.0000
vt 0.4712 0.4618 0.0000
vt 0.4710 0.4821 0.0000
vt 0.4710 0.4620 0.0000
vt 0.4710 0.4621 0.0000
vt 0.4298 0.4621 0.0000
vt 0.4713 0.4620 0.0000
vt 0.4677 0.4559 0.0000
vt 0.4476 0.4559 0.0000
vt 0.5078 0.4559 0.0000
vt 0.4878 0.4559 0.0000
vt 0.5479 0.4559 0.0000
vt 0.5278 0.4559 0.0000
vt 0.5880 0.4559 0.0000
vt 0.5679 0.4559 0.0000
vt 0.6281 0.4559 0.0000
vt 0.6080 0.4559 0.0000
vt 0.6682 0.4559 0.0000
vt 0.6481 0.4559 0.0000
vt 0.9489 0.2893 0.0000
vt 0.9690 0.2893 0.0000
vt 0.9087 0.2892 0.0000
vt 0.9287 0.2890 0.0000
vt 0.8687 0.2892 0.0000
vt 0.8887 0.2892 0.0000
vt 0.8286 0.2892 0.0000
vt 0.8486 0.2892 0.0000
vt 0.7885 0.2892 0.0000
vt 0.8085 0.2892 0.0000
vt 0.7484 0.2892 0.0000
vt 0.7684 0.2892 0.0000
vt 0.7083 0.2892 0.0000
vt 0.7283 0.2892 0.0000
vt 0.0826 0.2502 0.0000
vt 0.0826 0.3625 0.0000
vt 0.2343 0.5533 0.0000
vt 0.2343 0.5740 0.0000
vt 0.2246 0.5740 0.0000
vt 0.2246 0.5798 0.0000
vt 0.2497 0.5798 0.0000
vt 0.2497 0.6068 0.0000
vt 0.2246 0.6068 0.0000
vt 0.2246 0.6126 0.0000
vt 0.2343 0.6126 0.0000
vt 0.2343 0.6221 0.0000
vt 0.2245 0.5533 0.0000
vt 0.9691 0.3387 0.0000
vt 0.4300 0.4618 0.0000
vt 0.4298 0.4622 0.0000
vt 0.4710 0.4622 0.0000
vt 0.4710 0.4822 0.0000
vt 0.4298 0.4822 0.0000
vt 0.4711 0.4621 0.0000
vt 0.4711 0.4822 0.0000
vt 0.4300 0.4621 0.0000
vt 0.5633 0.1239 0.0000
vt 0.5633 0.1805 0.0000
vt 0.4268 0.2483 0.0000
vt 0.4268 0.0561 0.0000
vt 0.3506 0.3000 0.0000
vt 0.2884 0.3000 0.0000
vt 0.2886 0.2939 0.0000
vt 0.3506 0.2502 0.0000
vt 0.2679 0.2941 0.0000
vt 0.2678 0.3188 0.0000
vt 0.2777 0.3692 0.0000
vt 0.2777 0.3187 0.0000
vt 0.8664 0.2434 0.0000
vt 0.9674 0.2434 0.0000
vt 0.9674 0.2487 0.0000
vt 0.9474 0.2487 0.0000
vt 0.9674 0.2783 0.0000
vt 0.9474 0.2783 0.0000
vt 0.9274 0.2487 0.0000
vt 0.9074 0.2487 0.0000
vt 0.9274 0.2783 0.0000
vt 0.9074 0.2783 0.0000
vt 0.8873 0.2487 0.0000
vt 0.8673 0.2487 0.0000
vt 0.8873 0.2783 0.0000
vt 0.8673 0.2783 0.0000
vt 0.8473 0.2487 0.0000
vt 0.8664 0.2313 0.0000
vt 0.8473 0.2783 0.0000
vt 0.8273 0.2783 0.0000
vt 0.8273 0.2487 0.0000
vt 0.8073 0.2487 0.0000
vt 0.8073 0.2783 0.0000
vt 0.7873 0.2783 0.0000
vt 0.7873 0.2487 0.0000
vt 0.7672 0.2487 0.0000
vt 0.7672 0.2783 0.0000
vt 0.7472 0.2783 0.0000
vt 0.7472 0.2487 0.0000
vt 0.7272 0.2487 0.0000
vt 0.7272 0.2783 0.0000
vt 0.7072 0.2783 0.0000
vt 0.7072 0.2487 0.0000
vt 0.6872 0.2487 0.0000
vt 0.6872 0.2783 0.0000
vt 0.6672 0.2783 0.0000
vt 0.6672 0.2487 0.0000
vt 0.6471 0.2487 0.0000
vt 0.6670 0.0564 0.0000
vt 0.6471 0.2783 0.0000
vt 0.6271 0.2783 0.0000
vt 0.6271 0.2487 0.0000
vt 0.6071 0.2487 0.0000
vt 0.5869 0.0564 0.0000
vt 0.6071 0.2783 0.0000
vt 0.5871 0.2783 0.0000
vt 0.5871 0.2487 0.0000
vt 0.5671 0.2487 0.0000
vt 0.5671 0.2783 0.0000
vt 0.5470 0.2783 0.0000
vt 0.5470 0.2487 0.0000
vt 0.5270 0.2487 0.0000
vt 0.4870 0.2487 0.0000
vt 0.5270 0.2783 0.0000
vt 0.5070 0.2783 0.0000
vt 0.5070 0.2487 0.0000
vt 0.4870 0.2783 0.0000
vt 0.4670 0.2783 0.0000
vt 0.4667 0.0564 0.0000
vt 0.4672 0.1879 0.0000
vt 0.4470 0.1879 0.0000
vt 0.4470 0.1526 0.0000
vt 0.4267 0.1526 0.0000
vt 0.4267 0.0267 0.0000
vt 0.4467 0.0267 0.0000
vt 0.4467 0.0564 0.0000
vt 0.4667 0.0267 0.0000
vt 0.4868 0.0267 0.0000
vt 0.4868 0.0564 0.0000
vt 0.5068 0.0564 0.0000
vt 0.5468 0.0564 0.0000
vt 0.5068 0.0267 0.0000
vt 0.5268 0.0267 0.0000
vt 0.5268 0.0564 0.0000
vt 0.5468 0.0267 0.0000
vt 0.5669 0.0267 0.0000
vt 0.5669 0.0564 0.0000
vt 0.5869 0.0267 0.0000
vt 0.6069 0.0267 0.0000
vt 0.6069 0.0564 0.0000
vt 0.6470 0.0564 0.0000
vt 0.6269 0.0564 0.0000
vt 0.6269 0.0267 0.0000
vt 0.6470 0.0267 0.0000
vt 0.6670 0.0267 0.0000
vt 0.6870 0.0267 0.0000
vt 0.6870 0.0564 0.0000
vt 0.7849 0.1808 0.0000
vt 0.7071 0.0564 0.0000
vt 0.7071 0.0267 0.0000
vt 0.7271 0.0267 0.0000
vt 0.7271 0.0564 0.0000
vt 0.7471 0.0564 0.0000
vt 0.7471 0.0267 0.0000
vt 0.7671 0.0267 0.0000
vt 0.7671 0.0564 0.0000
vt 0.7872 0.0564 0.0000
vt 0.7872 0.0267 0.0000
vt 0.8072 0.0267 0.0000
vt 0.8072 0.0564 0.0000
vt 0.8272 0.0564 0.0000
vt 0.8272 0.0267 0.0000
vt 0.8473 0.0267 0.0000
vt 0.8473 0.0564 0.0000
vt 0.8673 0.0564 0.0000
vt 0.8673 0.0267 0.0000
vt 0.8873 0.0267 0.0000
vt 0.8873 0.0564 0.0000
vt 0.9073 0.0564 0.0000
vt 0.9073 0.0267 0.0000
vt 0.9274 0.0267 0.0000
vt 0.9274 0.0564 0.0000
vt 0.9474 0.0564 0.0000
vt 0.9474 0.0267 0.0000
vt 0.9674 0.0267 0.0000
vt 0.9674 0.0565 0.0000
vt 0.8664 0.0617 0.0000
vt 0.9674 0.0616 0.0000
vt 0.8664 0.0737 0.0000
vt 0.8795 0.1242 0.0000
vt 0.9674 0.0737 0.0000
vt 0.8660 0.1242 0.0000
vt 0.8660 0.1319 0.0000
vt 0.7984 0.1319 0.0000
vt 0.7984 0.1242 0.0000
vt 0.7849 0.1242 0.0000
vt 0.8660 0.1808 0.0000
vt 0.7984 0.1808 0.0000
vt 0.7984 0.1731 0.0000
vt 0.8660 0.1731 0.0000
vt 0.8795 0.1808 0.0000
vt 0.9674 0.2313 0.0000
vt 0.9475 0.2483 0.0000
vt 0.9475 0.2780 0.0000
vt 0.9275 0.2780 0.0000
vt 0.9275 0.2483 0.0000
vt 0.9075 0.2483 0.0000
vt 0.9075 0.2780 0.0000
vt 0.8876 0.2780 0.0000
vt 0.8876 0.2483 0.0000
vt 0.8676 0.2483 0.0000
vt 0.8676 0.2780 0.0000
vt 0.8477 0.2780 0.0000
vt 0.8477 0.2483 0.0000
vt 0.8277 0.2483 0.0000
vt 0.8277 0.2780 0.0000
vt 0.8077 0.2780 0.0000
vt 0.8077 0.2483 0.0000
vt 0.7877 0.2483 0.0000
vt 0.7877 0.2780 0.0000
vt 0.7678 0.2780 0.0000
vt 0.7678 0.2483 0.0000
vt 0.7478 0.2483 0.0000
vt 0.7478 0.2780 0.0000
vt 0.7278 0.2780 0.0000
vt 0.7278 0.2484 0.0000
vt 0.7078 0.2484 0.0000
vt 0.7078 0.2781 0.0000
vt 0.6879 0.2781 0.0000
vt 0.6879 0.2484 0.0000
vt 0.6679 0.2484 0.0000
vt 0.6679 0.2781 0.0000
vt 0.6479 0.2781 0.0000
vt 0.6479 0.2484 0.0000
vt 0.6280 0.2484 0.0000
vt 0.6280 0.2781 0.0000
vt 0.6080 0.2781 0.0000
vt 0.6080 0.2484 0.0000
vt 0.5880 0.2484 0.0000
vt 0.5880 0.2781 0.0000
vt 0.5680 0.2781 0.0000
vt 0.5680 0.2484 0.0000
vt 0.5271 0.0561 0.0000
vt 0.5480 0.2484 0.0000
vt 0.5480 0.2781 0.0000
vt 0.5281 0.2781 0.0000
vt 0.5281 0.2485 0.0000
vt 0.5078 0.2485 0.0000
vt 0.5078 0.2132 0.0000
vt 0.4875 0.2132 0.0000
vt 0.4875 0.1778 0.0000
vt 0.4670 0.0561 0.0000
vt 0.4673 0.1778 0.0000
vt 0.4870 0.0561 0.0000
vt 0.4870 0.0263 0.0000
vt 0.5071 0.0263 0.0000
vt 0.5071 0.0561 0.0000
vt 0.5271 0.0263 0.0000
vt 0.5471 0.0263 0.0000
vt 0.5471 0.0561 0.0000
vt 0.5671 0.0561 0.0000
vt 0.5671 0.0263 0.0000
vt 0.5871 0.0263 0.0000
vt 0.5871 0.0561 0.0000
vt 0.6071 0.0561 0.0000
vt 0.6071 0.0263 0.0000
vt 0.6272 0.0263 0.0000
vt 0.6272 0.0561 0.0000
vt 0.6472 0.0561 0.0000
vt 0.6672 0.0561 0.0000
vt 0.6472 0.0263 0.0000
vt 0.6672 0.0263 0.0000
vt 0.6872 0.0561 0.0000
vt 0.7849 0.1239 0.0000
vt 0.6872 0.0263 0.0000
vt 0.7072 0.0263 0.0000
vt 0.7072 0.0561 0.0000
vt 0.7272 0.0561 0.0000
vt 0.7272 0.0263 0.0000
vt 0.7473 0.0263 0.0000
vt 0.7473 0.0561 0.0000
vt 0.7673 0.0561 0.0000
vt 0.7673 0.0263 0.0000
vt 0.7873 0.0263 0.0000
vt 0.7873 0.0561 0.0000
vt 0.8073 0.0561 0.0000
vt 0.8073 0.0263 0.0000
vt 0.8273 0.0263 0.0000
vt 0.8273 0.0561 0.0000
vt 0.8474 0.0561 0.0000
vt 0.8474 0.0263 0.0000
vt 0.8674 0.0263 0.0000
vt 0.8674 0.0561 0.0000
vt 0.8874 0.0561 0.0000
vt 0.8874 0.0263 0.0000
vt 0.9074 0.0263 0.0000
vt 0.9074 0.0561 0.0000
vt 0.9274 0.0561 0.0000
vt 0.9274 0.0263 0.0000
vt 0.9474 0.0263 0.0000
vt 0.9474 0.0561 0.0000
vt 0.9675 0.0561 0.0000
vt 0.9674 0.0614 0.0000
vt 0.8664 0.0614 0.0000
vt 0.8664 0.0734 0.0000
vt 0.9674 0.0734 0.0000
vt 0.8795 0.1239 0.0000
vt 0.8660 0.1239 0.0000
vt 0.7985 0.1239 0.0000
vt 0.8660 0.1316 0.0000
vt 0.7984 0.1316 0.0000
vt 0.7849 0.1805 0.0000
vt 0.8664 0.2431 0.0000
vt 0.7985 0.1805 0.0000
vt 0.7984 0.1728 0.0000
vt 0.8660 0.1728 0.0000
vt 0.8660 0.1805 0.0000
vt 0.8795 0.1805 0.0000
vt 0.9674 0.2310 0.0000
vt 0.8664 0.2310 0.0000
vt 0.9675 0.2483 0.0000
vt 0.9674 0.2431 0.0000
vt 0.9675 0.2431 0.0000
vt 0.9675 0.2780 0.0000
vt 0.9475 0.2484 0.0000
vt 0.8665 0.2431 0.0000
vt 0.9274 0.2484 0.0000
vt 0.9274 0.2780 0.0000
vt 0.9074 0.2780 0.0000
vt 0.9074 0.2484 0.0000
vt 0.8874 0.2484 0.0000
vt 0.8874 0.2780 0.0000
vt 0.8674 0.2780 0.0000
vt 0.8674 0.2484 0.0000
vt 0.7850 0.1805 0.0000
vt 0.8473 0.2484 0.0000
vt 0.8473 0.2780 0.0000
vt 0.8273 0.2780 0.0000
vt 0.8273 0.2484 0.0000
vt 0.8073 0.2484 0.0000
vt 0.8073 0.2780 0.0000
vt 0.7872 0.2780 0.0000
vt 0.7872 0.2484 0.0000
vt 0.7672 0.2484 0.0000
vt 0.7672 0.2780 0.0000
vt 0.7472 0.2780 0.0000
vt 0.7472 0.2484 0.0000
vt 0.7272 0.2484 0.0000
vt 0.7272 0.2780 0.0000
vt 0.7071 0.2780 0.0000
vt 0.7071 0.2484 0.0000
vt 0.6871 0.2484 0.0000
vt 0.6871 0.2780 0.0000
vt 0.6671 0.2780 0.0000
vt 0.6671 0.2484 0.0000
vt 0.6471 0.2484 0.0000
vt 0.6471 0.2780 0.0000
vt 0.6270 0.2780 0.0000
vt 0.6270 0.2484 0.0000
vt 0.6070 0.2484 0.0000
vt 0.6070 0.2780 0.0000
vt 0.5870 0.2780 0.0000
vt 0.5870 0.2484 0.0000
vt 0.5669 0.2484 0.0000
vt 0.5669 0.2780 0.0000
vt 0.5469 0.2780 0.0000
vt 0.5469 0.2484 0.0000
vt 0.5269 0.2484 0.0000
vt 0.5269 0.2780 0.0000
vt 0.5069 0.2780 0.0000
vt 0.5069 0.2484 0.0000
vt 0.4868 0.2484 0.0000
vt 0.4868 0.2780 0.0000
vt 0.4668 0.2780 0.0000
vt 0.4668 0.2484 0.0000
vt 0.4468 0.2484 0.0000
vt 0.4468 0.2780 0.0000
vt 0.4268 0.2780 0.0000
vt 0.4268 0.2433 0.0000
vt 0.5619 0.2433 0.0000
vt 0.6600 0.2066 0.0000
vt 0.5619 0.2221 0.0000
vt 0.5281 0.2221 0.0000
vt 0.5281 0.1994 0.0000
vt 0.6431 0.2066 0.0000
vt 0.6431 0.1994 0.0000
vt 0.6431 0.0989 0.0000
vt 0.6431 0.1060 0.0000
vt 0.5281 0.1060 0.0000
vt 0.5281 0.0563 0.0000
vt 0.6600 0.0989 0.0000
vt 0.5481 0.0563 0.0000
vt 0.5481 0.0262 0.0000
vt 0.5681 0.0262 0.0000
vt 0.5681 0.0563 0.0000
vt 0.5880 0.0563 0.0000
vt 0.5880 0.0262 0.0000
vt 0.6080 0.0262 0.0000
vt 0.6080 0.0563 0.0000
vt 0.6280 0.0563 0.0000
vt 0.6280 0.0262 0.0000
vt 0.6480 0.0262 0.0000
vt 0.6480 0.0563 0.0000
vt 0.6679 0.0563 0.0000
vt 0.6879 0.0563 0.0000
vt 0.6679 0.0262 0.0000
vt 0.6879 0.0262 0.0000
vt 0.7078 0.0563 0.0000
vt 0.7278 0.0563 0.0000
vt 0.7078 0.0262 0.0000
vt 0.7278 0.0262 0.0000
vt 0.7478 0.0563 0.0000
vt 0.8665 0.0614 0.0000
vt 0.7478 0.0262 0.0000
vt 0.7678 0.0262 0.0000
vt 0.7678 0.0563 0.0000
vt 0.7878 0.0563 0.0000
vt 0.7878 0.0262 0.0000
vt 0.8078 0.0262 0.0000
vt 0.8078 0.0563 0.0000
vt 0.8277 0.0563 0.0000
vt 0.8277 0.0262 0.0000
vt 0.8477 0.0262 0.0000
vt 0.8477 0.0563 0.0000
vt 0.8677 0.0563 0.0000
vt 0.8677 0.0262 0.0000
vt 0.8876 0.0262 0.0000
vt 0.8876 0.0563 0.0000
vt 0.9075 0.0563 0.0000
vt 0.9075 0.0262 0.0000
vt 0.9275 0.0262 0.0000
vt 0.9275 0.0563 0.0000
vt 0.9475 0.0563 0.0000
vt 0.9475 0.0262 0.0000
vt 0.9675 0.0262 0.0000
vt 0.9675 0.0614 0.0000
vt 0.8665 0.0734 0.0000
vt 0.9675 0.0734 0.0000
vt 0.8796 0.1239 0.0000
vt 0.7985 0.1316 0.0000
vt 0.7850 0.1239 0.0000
vt 0.7985 0.1728 0.0000
vt 0.8665 0.2310 0.0000
vt 0.8796 0.1805 0.0000
vt 0.9675 0.2310 0.0000
vt 0.8666 0.2431 0.0000
vt 0.9676 0.2483 0.0000
vt 0.9475 0.2781 0.0000
vt 0.9275 0.2781 0.0000
vt 0.9075 0.2781 0.0000
vt 0.8875 0.2781 0.0000
vt 0.8875 0.2483 0.0000
vt 0.8674 0.2483 0.0000
vt 0.8674 0.2781 0.0000
vt 0.8474 0.2781 0.0000
vt 0.8474 0.2483 0.0000
vt 0.8274 0.2483 0.0000
vt 0.8274 0.2781 0.0000
vt 0.8074 0.2781 0.0000
vt 0.8074 0.2483 0.0000
vt 0.7873 0.2483 0.0000
vt 0.7873 0.2781 0.0000
vt 0.7673 0.2781 0.0000
vt 0.7673 0.2483 0.0000
vt 0.7473 0.2483 0.0000
vt 0.7473 0.2781 0.0000
vt 0.7272 0.2781 0.0000
vt 0.7272 0.2483 0.0000
vt 0.7072 0.2483 0.0000
vt 0.7072 0.2781 0.0000
vt 0.6872 0.2781 0.0000
vt 0.6872 0.2483 0.0000
vt 0.6672 0.2483 0.0000
vt 0.6672 0.2781 0.0000
vt 0.6471 0.2781 0.0000
vt 0.6471 0.2483 0.0000
vt 0.6271 0.2483 0.0000
vt 0.6271 0.2781 0.0000
vt 0.6071 0.2781 0.0000
vt 0.6071 0.2483 0.0000
vt 0.5870 0.2483 0.0000
vt 0.5870 0.2781 0.0000
vt 0.5670 0.2781 0.0000
vt 0.5670 0.2483 0.0000
vt 0.5470 0.2483 0.0000
vt 0.5470 0.2781 0.0000
vt 0.5270 0.2781 0.0000
vt 0.5270 0.2483 0.0000
vt 0.5069 0.2483 0.0000
vt 0.5069 0.2781 0.0000
vt 0.4869 0.2781 0.0000
vt 0.4869 0.2483 0.0000
vt 0.4669 0.2483 0.0000
vt 0.4669 0.2781 0.0000
vt 0.4469 0.2781 0.0000
vt 0.4469 0.2483 0.0000
vt 0.5768 0.1805 0.0000
vt 0.6444 0.1805 0.0000
vt 0.5768 0.1728 0.0000
vt 0.6444 0.1722 0.0000
vt 0.6579 0.1805 0.0000
vt 0.7851 0.1239 0.0000
vt 0.6444 0.1239 0.0000
vt 0.6444 0.1316 0.0000
vt 0.5768 0.1316 0.0000
vt 0.5768 0.1239 0.0000
vt 0.4469 0.0561 0.0000
vt 0.6579 0.1239 0.0000
vt 0.4469 0.0263 0.0000
vt 0.4669 0.0263 0.0000
vt 0.4669 0.0561 0.0000
vt 0.4869 0.0561 0.0000
vt 0.4869 0.0263 0.0000
vt 0.5069 0.0263 0.0000
vt 0.5069 0.0561 0.0000
vt 0.5270 0.0561 0.0000
vt 0.5270 0.0263 0.0000
vt 0.5470 0.0263 0.0000
vt 0.5470 0.0561 0.0000
vt 0.5670 0.0561 0.0000
vt 0.5670 0.0263 0.0000
vt 0.5870 0.0263 0.0000
vt 0.5870 0.0561 0.0000
vt 0.6271 0.0263 0.0000
vt 0.6271 0.0561 0.0000
vt 0.6471 0.0561 0.0000
vt 0.6471 0.0263 0.0000
vt 0.8074 0.0561 0.0000
vt 0.8074 0.0263 0.0000
vt 0.8274 0.0263 0.0000
vt 0.8274 0.0561 0.0000
vt 0.8875 0.0561 0.0000
vt 0.8875 0.0263 0.0000
vt 0.9075 0.0263 0.0000
vt 0.9075 0.0561 0.0000
vt 0.9275 0.0561 0.0000
vt 0.9275 0.0263 0.0000
vt 0.9475 0.0263 0.0000
vt 0.9475 0.0561 0.0000
vt 0.9676 0.0561 0.0000
vt 0.8661 0.1239 0.0000
vt 0.7986 0.1239 0.0000
vt 0.8661 0.1316 0.0000
vt 0.7851 0.1805 0.0000
vt 0.7986 0.1805 0.0000
vt 0.8661 0.1805 0.0000
vt 0.8661 0.1728 0.0000
vt 0.9675 0.2311 0.0000
vt 0.3813 0.4606 0.0000
vt 0.3813 0.4109 0.0000
vt 0.3892 0.4109 0.0000
vt 0.3892 0.4606 0.0000
vt 0.2985 0.4999 0.0000
vt 0.2985 0.4905 0.0000
vt 0.3068 0.4905 0.0000
vt 0.3068 0.4999 0.0000
vt 0.3795 0.4352 0.0000
vt 0.3704 0.4352 0.0000
vt 0.3704 0.4258 0.0000
vt 0.3795 0.4258 0.0000
vt 0.3704 0.4125 0.0000
vt 0.3704 0.3705 0.0000
vt 0.3795 0.3611 0.0000
vt 0.3704 0.4237 0.0000
vt 0.3813 0.4999 0.0000
vt 0.3892 0.4999 0.0000
vt 0.3795 0.4999 0.0000
vt 0.3704 0.4905 0.0000
vt 0.3704 0.4485 0.0000
vt 0.3704 0.4373 0.0000
vt 0.2985 0.4860 0.0000
vt 0.3068 0.4860 0.0000
vt 0.3621 0.4373 0.0000
vt 0.3621 0.4352 0.0000
vt 0.3107 0.3705 0.0000
vt 0.3639 0.4331 0.0000
vt 0.3042 0.3799 0.0000
vt 0.3107 0.4905 0.0000
vt 0.3236 0.4905 0.0000
vt 0.3813 0.3612 0.0000
vt 0.3892 0.3612 0.0000
vt 0.3068 0.3705 0.0000
vt 0.3068 0.3611 0.0000
vt 0.3236 0.3705 0.0000
vt 0.3813 0.4110 0.0000
vt 0.3891 0.4110 0.0000
vt 0.3068 0.4998 0.0000
vt 0.2985 0.4998 0.0000
vt 0.2985 0.4904 0.0000
vt 0.3068 0.4904 0.0000
vt 0.3795 0.4998 0.0000
vt 0.3704 0.4484 0.0000
vt 0.3704 0.4904 0.0000
vt 0.3704 0.3706 0.0000
vt 0.3795 0.3612 0.0000
vt 0.2985 0.4859 0.0000
vt 0.3068 0.4859 0.0000
vt 0.3042 0.3800 0.0000
vt 0.3107 0.3706 0.0000
vt 0.3236 0.3706 0.0000
vt 0.3236 0.4904 0.0000
vt 0.3107 0.4904 0.0000
vt 0.3068 0.3706 0.0000
vt 0.3068 0.3612 0.0000
vt 0.2987 0.4999 0.0000
vt 0.2987 0.4905 0.0000
vt 0.3069 0.4905 0.0000
vt 0.3070 0.4999 0.0000
vt 0.3797 0.4352 0.0000
vt 0.3706 0.4352 0.0000
vt 0.3706 0.4258 0.0000
vt 0.3797 0.4258 0.0000
vt 0.3706 0.4125 0.0000
vt 0.3706 0.3705 0.0000
vt 0.3797 0.3611 0.0000
vt 0.3706 0.4237 0.0000
vt 0.3797 0.4999 0.0000
vt 0.3706 0.4905 0.0000
vt 0.3706 0.4485 0.0000
vt 0.3706 0.4373 0.0000
vt 0.2987 0.4860 0.0000
vt 0.3069 0.4860 0.0000
vt 0.3623 0.4373 0.0000
vt 0.3623 0.4352 0.0000
vt 0.3109 0.3705 0.0000
vt 0.3641 0.4331 0.0000
vt 0.3044 0.3799 0.0000
vt 0.3109 0.4905 0.0000
vt 0.3237 0.4905 0.0000
vt 0.3069 0.3705 0.0000
vt 0.3069 0.3611 0.0000
vt 0.3237 0.3705 0.0000
vt 0.3705 0.4352 0.0000
vt 0.3705 0.4258 0.0000
vt 0.3796 0.4999 0.0000
vt 0.3705 0.4373 0.0000
vt 0.3705 0.4485 0.0000
vt 0.3705 0.4905 0.0000
vt 0.3705 0.4237 0.0000
vt 0.3705 0.4125 0.0000
vt 0.3705 0.3705 0.0000
vt 0.3796 0.3611 0.0000
vt 0.3622 0.4352 0.0000
vt 0.3622 0.4373 0.0000
vt 0.3640 0.4331 0.0000
vt 0.3796 0.4351 0.0000
vt 0.3705 0.4351 0.0000
vt 0.3705 0.4257 0.0000
vt 0.3796 0.4257 0.0000
vt 0.3705 0.4124 0.0000
vt 0.3705 0.3704 0.0000
vt 0.3796 0.3610 0.0000
vt 0.3705 0.4236 0.0000
vt 0.3796 0.4998 0.0000
vt 0.3705 0.4904 0.0000
vt 0.3705 0.4484 0.0000
vt 0.3705 0.4372 0.0000
vt 0.3622 0.4372 0.0000
vt 0.3622 0.4351 0.0000
vt 0.3108 0.3704 0.0000
vt 0.3640 0.4330 0.0000
vt 0.3043 0.3798 0.0000
vt 0.3108 0.4904 0.0000
vt 0.3068 0.3704 0.0000
vt 0.3068 0.3610 0.0000
vt 0.3236 0.3704 0.0000
vt 0.3892 0.4574 0.0000
vt 0.3813 0.4574 0.0000
vt 0.3813 0.4036 0.0000
vt 0.3892 0.4036 0.0000
vt 0.3069 0.4999 0.0000
vt 0.2986 0.4999 0.0000
vt 0.2986 0.4905 0.0000
vt 0.3705 0.3703 0.0000
vt 0.3796 0.3609 0.0000
vt 0.2986 0.4860 0.0000
vt 0.3623 0.4351 0.0000
vt 0.3108 0.3703 0.0000
vt 0.3237 0.3703 0.0000
vt 0.3108 0.4905 0.0000
vt 0.3069 0.3703 0.0000
vt 0.3069 0.3609 0.0000
vt 0.2985 0.5001 0.0000
vt 0.2985 0.4907 0.0000
vt 0.3067 0.4907 0.0000
vt 0.3067 0.5001 0.0000
vt 0.3795 0.4354 0.0000
vt 0.3704 0.4354 0.0000
vt 0.3704 0.4260 0.0000
vt 0.3795 0.4260 0.0000
vt 0.3704 0.4127 0.0000
vt 0.3704 0.3707 0.0000
vt 0.3795 0.3613 0.0000
vt 0.3704 0.4239 0.0000
vt 0.3813 0.4998 0.0000
vt 0.3892 0.4998 0.0000
vt 0.3795 0.5001 0.0000
vt 0.3704 0.4907 0.0000
vt 0.3704 0.4486 0.0000
vt 0.3704 0.4375 0.0000
vt 0.2985 0.4862 0.0000
vt 0.3067 0.4862 0.0000
vt 0.3621 0.4375 0.0000
vt 0.3621 0.4354 0.0000
vt 0.3107 0.3707 0.0000
vt 0.3639 0.4333 0.0000
vt 0.3042 0.3801 0.0000
vt 0.3107 0.4907 0.0000
vt 0.3236 0.4907 0.0000
vt 0.3067 0.3707 0.0000
vt 0.3067 0.3613 0.0000
vt 0.3236 0.3707 0.0000
vt 0.3891 0.4607 0.0000
vt 0.3813 0.4607 0.0000
vt 0.3068 0.5000 0.0000
vt 0.2985 0.5000 0.0000
vt 0.2985 0.4906 0.0000
vt 0.3068 0.4906 0.0000
vt 0.3795 0.4259 0.0000
vt 0.3795 0.4353 0.0000
vt 0.3704 0.4353 0.0000
vt 0.3704 0.4259 0.0000
vt 0.3795 0.5000 0.0000
vt 0.3704 0.4374 0.0000
vt 0.3704 0.4906 0.0000
vt 0.3891 0.4999 0.0000
vt 0.3704 0.4238 0.0000
vt 0.3704 0.4126 0.0000
vt 0.3068 0.4862 0.0000
vt 0.3621 0.4353 0.0000
vt 0.3621 0.4374 0.0000
vt 0.3639 0.4332 0.0000
vt 0.3891 0.3612 0.0000
vt 0.3236 0.4906 0.0000
vt 0.3107 0.4906 0.0000
vt 0.8717 0.8353 0.0000
vt 0.8887 0.8183 0.0000
vt 0.9001 0.8214 0.0000
vt 0.8750 0.8467 0.0000
vt 0.8639 0.8367 0.0000
vt 0.9392 0.8183 0.0000
vt 0.9562 0.8356 0.0000
vt 0.9530 0.8470 0.0000
vt 0.9277 0.8215 0.0000
vt 0.8891 0.9015 0.0000
vt 0.8722 0.8851 0.0000
vt 0.8752 0.8740 0.0000
vt 0.9002 0.8982 0.0000
vt 0.9562 0.8843 0.0000
vt 0.9392 0.9014 0.0000
vt 0.9278 0.8983 0.0000
vt 0.9530 0.8729 0.0000
vt 0.9641 0.8829 0.0000
vt 0.9379 0.9093 0.0000
vt 0.9621 0.8512 0.0000
vt 0.9621 0.8687 0.0000
vt 0.9641 0.8370 0.0000
vt 0.9046 0.8117 0.0000
vt 0.9232 0.8118 0.0000
vt 0.9379 0.8105 0.0000
vt 0.8900 0.8104 0.0000
vt 0.9233 0.9080 0.0000
vt 0.9047 0.9080 0.0000
vt 0.8905 0.9091 0.0000
vt 0.8655 0.8696 0.0000
vt 0.8654 0.8512 0.0000
vt 0.8646 0.8839 0.0000
vt 0.9092 0.8490 0.0000
vt 0.9036 0.8547 0.0000
vt 0.9246 0.8547 0.0000
vt 0.9190 0.8490 0.0000
vt 0.9036 0.8646 0.0000
vt 0.9092 0.8703 0.0000
vt 0.9192 0.8702 0.0000
vt 0.9246 0.8647 0.0000
vt 0.9105 0.8673 0.0000
vt 0.9177 0.8673 0.0000
vt 0.9066 0.8633 0.0000
vt 0.9066 0.8560 0.0000
vt 0.9105 0.8520 0.0000
vt 0.9177 0.8520 0.0000
vt 0.9217 0.8560 0.0000
vt 0.9217 0.8633 0.0000
vt 0.8390 0.9348 0.0000
vt 0.8357 0.9267 0.0000
vt 0.8310 0.9315 0.0000
vt 0.8310 0.9382 0.0000
vt 0.8357 0.9430 0.0000
vt 0.8423 0.9430 0.0000
vt 0.8470 0.9382 0.0000
vt 0.8470 0.9315 0.0000
vt 0.8423 0.9267 0.0000
vt 0.8234 0.9258 0.0000
vt 0.8301 0.9190 0.0000
vt 0.8223 0.9396 0.0000
vt 0.8223 0.9301 0.0000
vt 0.8301 0.9507 0.0000
vt 0.8234 0.9439 0.0000
vt 0.8437 0.9518 0.0000
vt 0.8343 0.9518 0.0000
vt 0.8546 0.9439 0.0000
vt 0.8479 0.9507 0.0000
vt 0.8557 0.9301 0.0000
vt 0.8557 0.9396 0.0000
vt 0.8479 0.9190 0.0000
vt 0.8546 0.9258 0.0000
vt 0.8343 0.9179 0.0000
vt 0.8437 0.9179 0.0000
vt 0.8195 0.9198 0.0000
vt 0.8242 0.9150 0.0000
vt 0.8136 0.9382 0.0000
vt 0.8136 0.9315 0.0000
vt 0.8242 0.9547 0.0000
vt 0.8195 0.9499 0.0000
vt 0.8423 0.9606 0.0000
vt 0.8357 0.9606 0.0000
vt 0.8585 0.9499 0.0000
vt 0.8538 0.9547 0.0000
vt 0.8644 0.9315 0.0000
vt 0.8644 0.9382 0.0000
vt 0.8538 0.9150 0.0000
vt 0.8585 0.9198 0.0000
vt 0.8357 0.9090 0.0000
vt 0.8423 0.9090 0.0000
vt 0.8681 0.9371 0.0000
vt 0.8681 0.9353 0.0000
vt 0.9595 0.9351 0.0000
vt 0.9595 0.9372 0.0000
vt 0.8681 0.9321 0.0000
vt 0.9595 0.9323 0.0000
vt 0.8681 0.9297 0.0000
vt 0.9595 0.9295 0.0000
vt 0.8681 0.9265 0.0000
vt 0.9595 0.9267 0.0000
vt 0.8681 0.9247 0.0000
vt 0.9595 0.9247 0.0000
vt 0.8681 0.9451 0.0000
vt 0.8681 0.9419 0.0000
vt 0.9595 0.9420 0.0000
vt 0.9595 0.9449 0.0000
vt 0.8681 0.9402 0.0000
vt 0.9595 0.9400 0.0000
vt 0.5324 0.7488 0.0000
vt 0.5324 0.8299 0.0000
vt 0.5269 0.8299 0.0000
vt 0.5269 0.8351 0.0000
vt 0.5269 0.9568 0.0000
vt 0.5324 0.8351 0.0000
vt 0.5324 0.9568 0.0000
vt 0.5269 0.9620 0.0000
vt 0.5324 0.9620 0.0000
vt 0.5324 0.9796 0.0000
vt 0.4223 0.8976 0.0000
vt 0.4271 0.8976 0.0000
vt 0.4271 0.8924 0.0000
vt 0.4271 0.7711 0.0000
vt 0.4223 0.8924 0.0000
vt 0.4222 0.7711 0.0000
vt 0.4271 0.7659 0.0000
vt 0.4222 0.7659 0.0000
vt 0.4720 0.9796 0.0000
vt 0.4720 0.8986 0.0000
vt 0.4775 0.8986 0.0000
vt 0.4775 0.8933 0.0000
vt 0.4720 0.8933 0.0000
vt 0.4720 0.7717 0.0000
vt 0.4775 0.7717 0.0000
vt 0.4775 0.7664 0.0000
vt 0.4720 0.7664 0.0000
vt 0.4720 0.7488 0.0000
vt 0.4579 0.8292 0.0000
vt 0.4531 0.8292 0.0000
vt 0.4531 0.8345 0.0000
vt 0.4579 0.8345 0.0000
vt 0.4580 0.9559 0.0000
vt 0.4531 0.9559 0.0000
vt 0.4531 0.9611 0.0000
vt 0.4579 0.9611 0.0000
vt 0.5325 0.7489 0.0000
vt 0.5325 0.8299 0.0000
vt 0.5270 0.8299 0.0000
vt 0.5270 0.8351 0.0000
vt 0.5270 0.9567 0.0000
vt 0.5325 0.8351 0.0000
vt 0.5325 0.9567 0.0000
vt 0.5270 0.9620 0.0000
vt 0.5325 0.9620 0.0000
vt 0.5325 0.9795 0.0000
vt 0.4720 0.9795 0.0000
vt 0.4720 0.8985 0.0000
vt 0.4775 0.8985 0.0000
vt 0.4720 0.7489 0.0000
vt 0.5280 0.8299 0.0000
vt 0.5280 0.8351 0.0000
vt 0.5280 0.9567 0.0000
vt 0.5280 0.9620 0.0000
vt 0.4720 0.9794 0.0000
vt 0.4720 0.9619 0.0000
vt 0.4775 0.9619 0.0000
vt 0.4775 0.9566 0.0000
vt 0.4774 0.8351 0.0000
vt 0.4720 0.9566 0.0000
vt 0.4719 0.8351 0.0000
vt 0.4774 0.8299 0.0000
vt 0.4719 0.8299 0.0000
vt 0.4222 0.9610 0.0000
vt 0.4274 0.9610 0.0000
vt 0.4273 0.9558 0.0000
vt 0.4272 0.8347 0.0000
vt 0.4222 0.9558 0.0000
vt 0.4222 0.8347 0.0000
vt 0.4272 0.8295 0.0000
vt 0.4222 0.8295 0.0000
vt 0.4580 0.7665 0.0000
vt 0.4537 0.7665 0.0000
vt 0.4537 0.7717 0.0000
vt 0.4537 0.8927 0.0000
vt 0.4579 0.7717 0.0000
vt 0.4579 0.8927 0.0000
vt 0.4537 0.8979 0.0000
vt 0.4579 0.8979 0.0000
vt 0.5323 0.7490 0.0000
vt 0.5323 0.7665 0.0000
vt 0.5268 0.7665 0.0000
vt 0.5268 0.7718 0.0000
vt 0.5268 0.8934 0.0000
vt 0.5323 0.7718 0.0000
vt 0.5323 0.8934 0.0000
vt 0.5268 0.8986 0.0000
vt 0.5323 0.8986 0.0000
vt 0.5323 0.9796 0.0000
vt 0.4719 0.9796 0.0000
vt 0.4719 0.8986 0.0000
vt 0.4775 0.8934 0.0000
vt 0.4775 0.7718 0.0000
vt 0.4719 0.8934 0.0000
vt 0.4719 0.7718 0.0000
vt 0.4775 0.7665 0.0000
vt 0.4719 0.7665 0.0000
vt 0.4719 0.7490 0.0000
# 1993 texture coords

g Tower
usemtl wire_028149177
s off
f 1/1/1 2/2/1 3/3/1 4/4/1 
f 2/5/1 5/6/1 6/7/1 7/8/1 
f 5/9/1 8/10/1 9/11/1 10/12/1 
f 8/5/1 1/13/1 11/14/1 12/15/1 
f 1/1/1 4/4/1 11/16/1 
f 2/2/1 7/17/1 3/3/1 
f 8/10/1 12/18/1 9/11/1 
f 5/9/1 10/12/1 6/19/1 
f 13/20/2 14/21/2 15/22/2 16/23/2 
f 17/20/3 18/21/3 19/22/3 20/23/3 
f 21/20/4 22/21/4 23/22/4 24/23/4 
f 25/20/5 26/21/5 27/22/5 28/23/5 
f 22/21/6 21/20/6 29/24/6 30/25/6 
f 28/23/7 31/26/7 32/27/7 25/20/7 
f 32/27/7 33/28/7 34/29/7 25/20/7 
f 34/29/7 35/30/7 36/31/7 25/20/7 
f 36/31/7 37/32/7 38/33/7 25/20/7 
f 38/33/7 39/34/7 40/35/7 25/20/7 
f 40/35/7 41/36/7 42/37/7 25/20/7 
f 42/37/8 43/38/8 44/39/8 25/20/8 
f 44/39/8 45/40/8 46/41/8 25/20/8 
f 46/41/7 47/42/7 48/43/7 25/20/7 
f 48/43/7 49/44/7 50/45/7 25/20/7 
f 50/45/7 51/46/7 52/47/7 25/20/7 
f 52/47/7 53/48/7 54/49/7 25/20/7 
f 54/49/7 55/50/7 56/51/7 25/20/7 
f 56/51/7 57/52/7 58/53/7 25/20/7 
f 58/53/8 59/54/8 60/55/8 25/20/8 
f 60/55/8 61/56/8 62/57/8 25/20/8 
f 19/22/9 18/21/9 63/58/9 64/59/9 
f 63/58/10 65/60/10 64/59/10 
f 64/59/9 66/61/9 67/62/9 19/22/9 
f 67/62/9 68/63/9 69/64/9 19/22/9 
f 69/64/9 70/65/9 71/66/9 19/22/9 
f 71/66/9 72/67/9 73/68/9 19/22/9 
f 73/68/10 74/69/10 75/70/10 19/22/10 
f 75/70/10 76/71/10 77/72/10 19/22/10 
f 77/72/10 78/73/10 79/74/10 19/22/10 
f 79/74/9 80/75/9 81/76/9 19/22/9 
f 81/76/9 82/77/9 83/78/9 19/22/9 
f 83/78/9 84/79/9 85/80/9 19/22/9 
f 85/80/10 86/81/10 87/82/10 19/22/10 
f 87/82/10 88/83/10 89/84/10 19/22/10 
f 89/84/9 90/85/9 91/86/9 19/22/9 
f 91/86/10 92/87/10 93/88/10 19/22/10 
f 94/89/10 19/22/10 93/88/10 
f 62/90/11 63/91/11 7/92/11 6/93/11 
f 63/91/12 62/90/12 61/94/12 65/95/12 
f 60/96/13 64/97/13 65/95/13 61/94/13 
f 64/97/12 60/96/12 59/98/12 66/99/12 
f 32/100/13 93/101/13 92/102/13 33/103/13 
f 33/103/12 92/102/12 91/104/12 34/105/12 
f 34/105/13 91/104/13 90/106/13 35/107/13 
f 35/107/12 90/106/12 89/108/12 36/109/12 
f 36/109/11 89/108/11 88/110/11 37/111/11 
f 37/111/12 88/110/12 87/112/12 38/113/12 
f 38/113/13 87/112/13 86/114/13 39/115/13 
f 39/115/14 86/114/14 85/116/14 40/117/14 
f 40/117/13 85/116/13 84/118/13 41/119/13 
f 41/119/12 84/118/12 83/120/12 42/121/12 
f 42/121/13 83/120/13 82/122/13 43/123/13 
f 43/123/14 82/122/14 81/124/14 44/125/14 
f 44/125/13 81/124/13 80/126/13 45/127/13 
f 45/127/12 80/126/12 79/128/12 46/129/12 
f 46/129/11 79/128/11 78/130/11 47/131/11 
f 47/131/12 78/130/12 77/132/12 48/133/12 
f 48/133/11 77/132/11 76/134/11 49/135/11 
f 49/135/12 76/134/12 75/136/12 50/137/12 
f 50/137/11 75/136/11 74/138/11 51/139/11 
f 51/139/14 74/138/14 73/140/14 52/141/14 
f 52/141/13 73/140/13 72/142/13 53/143/13 
f 53/143/14 72/142/14 71/144/14 54/145/14 
f 54/145/13 71/144/13 70/146/13 55/147/13 
f 55/147/14 70/146/14 69/148/14 56/149/14 
f 56/149/13 69/148/13 68/150/13 57/151/13 
f 57/151/14 68/150/14 67/152/14 58/153/14 
f 58/153/13 67/152/13 66/99/13 59/98/13 
f 93/101/12 32/100/12 31/154/12 94/155/12 
f 20/23/15 95/26/15 96/27/15 17/20/15 
f 96/27/15 97/28/15 98/29/15 17/20/15 
f 98/29/15 99/30/15 100/31/15 17/20/15 
f 100/31/15 101/32/15 102/156/15 17/20/15 
f 102/156/15 103/157/15 104/158/15 17/20/15 
f 104/158/16 105/159/16 106/37/16 17/20/16 
f 106/37/15 107/38/15 108/39/15 17/20/15 
f 108/39/16 109/40/16 110/41/16 17/20/16 
f 110/41/15 111/42/15 112/43/15 17/20/15 
f 112/43/15 113/44/15 114/45/15 17/20/15 
f 114/45/15 115/46/15 116/47/15 17/20/15 
f 116/47/15 117/48/15 118/49/15 17/20/15 
f 118/49/15 119/50/15 120/51/15 17/20/15 
f 120/51/15 121/52/15 122/53/15 17/20/15 
f 122/53/15 123/54/15 124/55/15 17/20/15 
f 124/55/15 125/56/15 126/57/15 17/20/15 
f 15/22/8 14/21/8 127/58/8 128/59/8 
f 127/58/7 129/60/7 128/59/7 
f 128/59/17 130/61/17 131/62/17 15/22/17 
f 131/62/8 132/63/8 133/64/8 15/22/8 
f 133/64/8 134/65/8 135/66/8 15/22/8 
f 135/66/8 136/67/8 137/68/8 15/22/8 
f 137/68/7 138/69/7 139/70/7 15/22/7 
f 139/70/8 140/71/8 141/72/8 15/22/8 
f 141/72/8 142/73/8 143/74/8 15/22/8 
f 143/74/8 144/75/8 145/76/8 15/22/8 
f 145/76/7 146/160/7 147/161/7 15/22/7 
f 147/161/8 148/162/8 149/163/8 15/22/8 
f 149/163/8 150/164/8 151/165/8 15/22/8 
f 151/165/8 152/166/8 153/167/8 15/22/8 
f 153/167/8 154/85/8 155/86/8 15/22/8 
f 155/86/8 156/87/8 157/88/8 15/22/8 
f 158/89/8 15/22/8 157/88/8 
f 126/90/18 127/91/18 4/92/18 3/93/18 
f 127/91/19 126/90/19 125/94/19 129/95/19 
f 124/168/18 128/169/18 129/95/18 125/94/18 
f 128/169/19 124/168/19 123/170/19 130/171/19 
f 96/100/18 157/101/18 156/172/18 97/173/18 
f 97/173/20 156/172/20 155/104/20 98/105/20 
f 98/105/18 155/104/18 154/174/18 99/175/18 
f 99/175/20 154/174/20 153/176/20 100/177/20 
f 100/177/18 153/176/18 152/110/18 101/111/18 
f 101/111/19 152/110/19 151/178/19 102/179/19 
f 102/179/18 151/178/18 150/114/18 103/180/18 
f 103/180/19 150/114/19 149/181/19 104/182/19 
f 104/182/18 149/181/18 148/183/18 105/119/18 
f 105/119/20 148/183/20 147/120/20 106/184/20 
f 106/184/18 147/120/18 146/185/18 107/186/18 
f 107/186/19 146/185/19 145/187/19 108/125/19 
f 108/125/18 145/187/18 144/188/18 109/189/18 
f 109/189/20 144/188/20 143/128/20 110/129/20 
f 110/129/18 143/128/18 142/130/18 111/131/18 
f 111/131/19 142/130/19 141/132/19 112/133/19 
f 112/133/18 141/132/18 140/134/18 113/135/18 
f 113/135/20 140/134/20 139/136/20 114/137/20 
f 114/137/18 139/136/18 138/138/18 115/139/18 
f 115/139/19 138/138/19 137/140/19 116/141/19 
f 116/141/18 137/140/18 136/142/18 117/190/18 
f 117/190/19 136/142/19 135/144/19 118/145/19 
f 118/145/18 135/144/18 134/191/18 119/147/18 
f 119/147/19 134/191/19 133/148/19 120/192/19 
f 120/192/18 133/148/18 132/150/18 121/151/18 
f 121/151/19 132/150/19 131/193/19 122/153/19 
f 122/153/18 131/193/18 130/171/18 123/170/18 
f 157/101/19 96/100/19 95/194/19 158/195/19 
f 24/23/10 159/26/10 160/27/10 21/20/10 
f 160/27/9 161/28/9 162/29/9 21/20/9 
f 162/29/10 163/30/10 164/31/10 21/20/10 
f 164/31/9 165/32/9 166/33/9 21/20/9 
f 166/33/9 167/34/9 168/35/9 21/20/9 
f 168/35/10 169/36/10 170/37/10 21/20/10 
f 170/37/10 171/38/10 172/39/10 21/20/10 
f 172/39/9 173/40/9 174/41/9 21/20/9 
f 174/41/10 175/42/10 176/43/10 21/20/10 
f 176/43/9 177/44/9 178/45/9 21/20/9 
f 178/45/10 179/46/10 180/47/10 21/20/10 
f 180/47/9 181/48/9 182/49/9 21/20/9 
f 182/49/9 183/50/9 184/51/9 21/20/9 
f 184/51/10 185/52/10 186/53/10 21/20/10 
f 186/53/10 187/54/10 188/55/10 21/20/10 
f 188/55/10 189/56/10 29/57/10 21/20/10 
f 27/22/21 26/21/21 190/58/21 191/59/21 
f 190/58/21 192/60/21 191/59/21 
f 191/59/21 193/61/21 194/62/21 27/22/21 
f 194/62/22 195/63/22 196/64/22 27/22/22 
f 196/64/21 197/65/21 198/66/21 27/22/21 
f 198/66/22 199/67/22 200/68/22 27/22/22 
f 200/68/21 201/69/21 202/70/21 27/22/21 
f 202/70/21 203/71/21 204/72/21 27/22/21 
f 204/72/21 205/73/21 206/74/21 27/22/21 
f 206/74/22 207/75/22 208/76/22 27/22/22 
f 208/76/22 209/77/22 210/78/22 27/22/22 
f 210/78/22 211/79/22 212/80/22 27/22/22 
f 212/80/22 213/164/22 214/165/22 27/22/22 
f 214/165/21 215/166/21 216/167/21 27/22/21 
f 216/167/22 217/85/22 218/86/22 27/22/22 
f 218/86/21 219/87/21 220/88/21 27/22/21 
f 221/89/21 27/22/21 220/88/21 
f 29/196/23 190/197/23 10/198/23 9/199/23 
f 190/197/24 29/196/24 189/200/24 192/95/24 
f 188/201/23 191/202/23 192/95/23 189/200/23 
f 191/202/24 188/201/24 187/203/24 193/171/24 
f 160/100/23 220/204/23 219/205/23 161/206/23 
f 161/206/24 219/205/24 218/207/24 162/208/24 
f 162/208/23 218/207/23 217/174/23 163/209/23 
f 163/209/24 217/174/24 216/210/24 164/211/24 
f 164/211/23 216/210/23 215/110/23 165/212/23 
f 165/212/25 215/110/25 214/112/25 166/213/25 
f 166/213/23 214/112/23 213/114/23 167/180/23 
f 167/180/25 213/114/25 212/116/25 168/214/25 
f 168/214/23 212/116/23 211/183/23 169/215/23 
f 169/215/24 211/183/24 210/120/24 170/184/24 
f 170/184/26 210/120/26 209/216/26 171/217/26 
f 171/217/24 209/216/24 208/187/24 172/218/24 
f 172/218/23 208/187/23 207/219/23 173/220/23 
f 173/220/24 207/219/24 206/221/24 174/222/24 
f 174/222/26 206/221/26 205/223/26 175/224/26 
f 175/224/24 205/223/24 204/132/24 176/225/24 
f 176/225/26 204/132/26 203/134/26 177/226/26 
f 177/226/24 203/134/24 202/136/24 178/227/24 
f 178/227/26 202/136/26 201/138/26 179/228/26 
f 179/228/24 201/138/24 200/140/24 180/229/24 
f 180/229/23 200/140/23 199/142/23 181/230/23 
f 181/230/24 199/142/24 198/231/24 182/232/24 
f 182/232/23 198/231/23 197/191/23 183/233/23 
f 183/233/24 197/191/24 196/234/24 184/235/24 
f 184/235/26 196/234/26 195/150/26 185/236/26 
f 185/236/24 195/150/24 194/193/24 186/237/24 
f 186/237/26 194/193/26 193/171/26 187/203/26 
f 220/204/25 160/100/25 159/238/25 221/239/25 
f 16/23/21 222/26/21 223/27/21 13/20/21 
f 223/27/22 224/28/22 225/29/22 13/20/22 
f 225/29/21 226/30/21 227/31/21 13/20/21 
f 227/31/22 228/32/22 229/33/22 13/20/22 
f 229/33/22 230/34/22 231/35/22 13/20/22 
f 231/35/21 232/36/21 233/240/21 13/20/21 
f 233/240/21 234/241/21 235/242/21 13/20/21 
f 235/242/22 236/243/22 237/41/22 13/20/22 
f 237/41/21 238/42/21 239/43/21 13/20/21 
f 239/43/22 240/44/22 241/45/22 13/20/22 
f 241/45/21 242/46/21 243/47/21 13/20/21 
f 243/47/22 244/48/22 245/49/22 13/20/22 
f 245/49/22 246/50/22 247/51/22 13/20/22 
f 247/51/21 248/52/21 249/53/21 13/20/21 
f 249/53/21 250/54/21 251/55/21 13/20/21 
f 251/55/21 252/56/21 253/57/21 13/20/21 
f 23/22/15 22/21/15 30/58/15 254/59/15 
f 30/58/15 255/60/15 254/59/15 
f 254/59/15 256/61/15 257/62/15 23/22/15 
f 257/62/16 258/63/16 259/64/16 23/22/16 
f 259/64/15 260/65/15 261/66/15 23/22/15 
f 261/66/16 262/67/16 263/68/16 23/22/16 
f 263/68/15 264/69/15 265/70/15 23/22/15 
f 265/70/15 266/71/15 267/72/15 23/22/15 
f 267/72/15 268/73/15 269/74/15 23/22/15 
f 269/74/16 270/75/16 271/76/16 23/22/16 
f 271/76/16 272/77/16 273/78/16 23/22/16 
f 273/78/16 274/79/16 275/80/16 23/22/16 
f 275/80/16 276/164/16 277/165/16 23/22/16 
f 277/165/15 278/166/15 279/167/15 23/22/15 
f 279/167/16 280/85/16 281/86/16 23/22/16 
f 281/86/15 282/87/15 283/88/15 23/22/15 
f 284/89/15 23/22/15 283/88/15 
f 253/244/27 30/197/27 12/198/27 11/245/27 
f 30/197/28 253/244/28 252/246/28 255/247/28 
f 251/248/27 254/169/27 255/247/27 252/246/27 
f 254/169/28 251/248/28 250/249/28 256/250/28 
f 223/251/27 283/204/27 282/205/27 224/206/27 
f 224/206/28 282/205/28 281/207/28 225/208/28 
f 225/208/27 281/207/27 280/252/27 226/253/27 
f 226/253/28 280/252/28 279/210/28 227/211/28 
f 227/211/27 279/210/27 278/254/27 228/255/27 
f 228/255/29 278/254/29 277/256/29 229/257/29 
f 229/257/27 277/256/27 276/258/27 230/259/27 
f 230/259/29 276/258/29 275/260/29 231/261/29 
f 231/261/27 275/260/27 274/183/27 232/215/27 
f 232/215/28 274/183/28 273/262/28 233/263/28 
f 233/263/30 273/262/30 272/216/30 234/217/30 
f 234/217/28 272/216/28 271/187/28 235/218/28 
f 235/218/27 271/187/27 270/219/27 236/264/27 
f 236/264/28 270/219/28 269/221/28 237/222/28 
f 237/222/30 269/221/30 268/265/30 238/266/30 
f 238/266/28 268/265/28 267/267/28 239/268/28 
f 239/268/30 267/267/30 266/269/30 240/270/30 
f 240/270/28 266/269/28 265/271/28 241/272/28 
f 241/272/30 265/271/30 264/273/30 242/274/30 
f 242/274/28 264/273/28 263/140/28 243/275/28 
f 243/275/27 263/140/27 262/142/27 244/230/27 
f 244/230/28 262/142/28 261/231/28 245/276/28 
f 245/276/27 261/231/27 260/191/27 246/233/27 
f 246/233/28 260/191/28 259/234/28 247/235/28 
f 247/235/30 259/234/30 258/277/30 248/278/30 
f 248/278/28 258/277/28 257/279/28 249/280/28 
f 249/280/30 257/279/30 256/250/30 250/249/30 
f 283/204/29 223/251/29 222/238/29 284/239/29 
f 9/281/6 12/282/6 30/25/6 29/24/6 
f 11/281/31 4/282/31 127/25/31 253/24/31 
f 253/24/31 127/25/31 14/21/31 13/20/31 
f 3/281/32 7/282/32 63/25/32 126/24/32 
f 126/24/32 63/25/32 18/21/32 17/20/32 
f 6/281/33 10/282/33 190/25/33 62/24/33 
f 62/24/33 190/25/33 26/21/33 25/20/33 
f 285/283/1 286/284/1 287/285/1 288/286/1 
f 286/287/1 289/288/1 290/289/1 287/290/1 
f 289/291/1 291/292/1 292/293/1 290/294/1 
f 291/295/1 285/296/1 288/297/1 292/298/1 
f 285/296/34 291/295/34 293/299/34 294/300/34 
f 291/301/34 2/302/34 295/303/34 293/304/34 
f 2/2/34 1/1/34 296/305/34 295/306/34 
f 1/307/34 285/308/34 294/309/34 296/310/34 
f 289/311/35 5/307/35 297/312/35 298/313/35 
f 5/6/35 2/5/35 299/314/35 297/315/35 
f 2/302/35 291/301/35 300/316/35 299/317/35 
f 289/288/36 286/287/36 301/318/36 302/319/36 
f 286/320/36 8/321/36 303/322/36 301/323/36 
f 8/10/36 5/9/36 304/324/36 303/325/36 
f 5/307/36 289/311/36 302/326/36 304/327/36 
f 286/284/37 285/283/37 305/328/37 306/329/37 
f 285/308/37 1/307/37 307/322/37 305/330/37 
f 1/13/37 8/5/37 308/331/37 307/332/37 
f 8/321/37 286/320/37 306/326/37 308/327/37 
f 309/333/38 310/334/38 311/335/38 306/329/38 
f 312/336/39 309/333/39 306/329/39 313/337/39 
f 305/328/40 314/338/40 315/339/40 316/340/40 
f 305/328/39 316/340/39 317/341/39 318/342/39 
f 319/343/39 320/344/39 318/342/39 317/341/39 
f 305/328/39 318/342/39 321/345/39 322/346/39 
f 321/345/40 323/347/40 324/348/40 322/346/40 
f 305/328/39 322/346/39 313/337/39 306/329/39 
f 325/349/39 312/336/39 313/337/39 326/350/39 
f 327/351/37 328/352/37 329/353/37 330/354/37 
f 331/355/37 327/351/37 330/354/37 332/356/37 
f 333/357/37 334/358/37 335/359/37 336/360/37 
f 330/354/37 333/357/37 336/360/37 332/356/37 
f 331/355/37 332/356/37 337/361/37 338/362/37 
f 339/363/34 333/357/34 330/354/34 340/364/34 
f 341/365/41 342/366/41 343/367/41 344/368/41 
f 345/369/42 346/370/42 347/371/42 348/364/42 
f 347/371/41 349/363/41 348/364/41 
f 343/367/41 345/369/41 348/364/41 344/368/41 
f 348/364/41 350/372/41 351/373/41 352/374/41 
f 344/368/43 348/364/43 352/374/43 
f 349/363/34 353/357/34 354/354/34 348/364/34 
f 355/361/37 356/362/37 357/355/37 358/356/37 
f 359/351/37 360/352/37 361/353/37 362/354/37 
f 357/355/42 359/351/42 362/354/42 358/356/42 
f 363/357/37 364/358/37 365/359/37 366/360/37 
f 362/354/37 363/357/37 366/360/37 358/356/37 
f 362/354/34 367/364/34 368/363/34 363/357/34 
f 369/369/37 370/370/37 371/371/37 372/364/37 
f 371/371/35 373/363/35 372/364/35 
f 374/367/35 369/369/35 372/364/35 375/368/35 
f 372/364/35 376/372/35 377/373/35 378/374/35 
f 372/364/35 378/374/35 375/368/35 
f 374/367/35 375/368/35 379/365/35 380/366/35 
f 381/354/34 372/364/34 373/363/34 382/357/34 
f 383/351/36 384/352/36 319/353/36 317/354/36 
f 385/355/36 383/351/36 317/354/36 386/356/36 
f 387/357/36 388/358/36 389/359/36 390/360/36 
f 317/354/36 387/357/36 390/360/36 386/356/36 
f 385/355/36 386/356/36 391/361/36 392/362/36 
f 393/363/37 387/357/37 317/354/37 316/364/37 
f 394/365/44 395/366/44 396/367/44 397/368/44 
f 398/369/45 399/370/45 400/371/45 318/364/45 
f 400/371/44 401/363/44 318/364/44 
f 396/367/44 398/369/44 318/364/44 397/368/44 
f 318/364/44 320/372/44 402/373/44 403/374/44 
f 397/368/46 318/364/46 403/374/46 
f 401/363/37 404/357/37 321/354/37 318/364/37 
f 405/361/36 406/362/36 407/355/36 408/356/36 
f 409/351/36 410/352/36 326/353/36 313/354/36 
f 407/355/45 409/351/45 313/354/45 408/356/45 
f 411/357/36 412/358/36 413/359/36 414/360/36 
f 313/354/36 411/357/36 414/360/36 408/356/36 
f 411/357/37 313/354/37 322/364/37 415/363/37 
f 416/369/36 417/370/36 418/371/36 312/364/36 
f 418/371/34 419/363/34 312/364/34 
f 420/367/34 416/369/34 312/364/34 421/368/34 
f 312/364/34 325/372/34 422/373/34 423/374/34 
f 312/364/34 423/374/34 421/368/34 
f 420/367/34 421/368/34 424/365/34 425/366/34 
f 309/354/37 312/364/37 419/363/37 426/357/37 
f 427/351/35 428/352/35 429/353/35 430/354/35 
f 431/355/35 427/351/35 430/354/35 432/356/35 
f 433/357/35 434/358/35 435/359/35 436/360/35 
f 430/354/35 433/357/35 436/360/35 432/356/35 
f 431/355/35 432/356/35 437/361/35 438/362/35 
f 439/363/36 433/357/36 430/354/36 440/364/36 
f 441/365/47 442/366/47 443/367/47 444/368/47 
f 445/369/35 446/370/35 447/371/35 448/364/35 
f 447/371/48 449/363/48 448/364/48 
f 443/367/47 445/369/47 448/364/47 444/368/47 
f 448/364/47 450/372/47 451/373/47 452/374/47 
f 444/368/37 448/364/37 452/374/37 
f 449/363/36 453/357/36 454/354/36 448/364/36 
f 455/361/43 456/362/43 457/355/43 458/356/43 
f 459/351/43 460/352/43 461/353/43 462/354/43 
f 457/355/35 459/351/35 462/354/35 458/356/35 
f 463/357/35 464/358/35 465/359/35 466/360/35 
f 462/354/43 463/357/43 466/360/43 458/356/43 
f 462/354/36 467/364/36 468/363/36 463/357/36 
f 469/369/35 470/370/35 471/371/35 472/364/35 
f 471/371/37 473/363/37 472/364/37 
f 474/367/37 469/369/37 472/364/37 475/368/37 
f 472/364/37 476/372/37 477/373/37 478/374/37 
f 472/364/37 478/374/37 475/368/37 
f 474/367/37 475/368/37 479/365/37 480/366/37 
f 481/354/36 472/364/36 473/363/36 482/357/36 
f 483/351/34 484/352/34 485/353/34 486/354/34 
f 487/355/34 483/351/34 486/354/34 488/356/34 
f 489/357/34 490/358/34 491/359/34 492/360/34 
f 486/354/34 489/357/34 492/360/34 488/356/34 
f 487/355/34 488/356/34 493/361/34 494/362/34 
f 495/363/35 489/357/35 486/354/35 496/364/35 
f 497/365/49 498/366/49 499/367/49 500/368/49 
f 501/369/34 502/370/34 503/371/34 504/364/34 
f 503/371/50 505/363/50 504/364/50 
f 499/367/49 501/369/49 504/364/49 500/368/49 
f 504/364/49 506/372/49 507/373/49 508/374/49 
f 500/368/36 504/364/36 508/374/36 
f 505/363/35 509/357/35 510/354/35 504/364/35 
f 511/361/46 512/362/46 513/355/46 514/356/46 
f 515/351/50 516/352/50 517/353/50 518/357/50 
f 517/353/34 519/354/34 518/357/34 
f 513/355/46 515/351/46 518/357/46 514/356/46 
f 518/357/34 520/358/34 521/359/34 522/360/34 
f 514/356/34 518/357/34 522/360/34 
f 519/354/35 523/364/35 524/363/35 518/357/35 
f 525/369/34 526/370/34 527/371/34 528/364/34 
f 527/371/36 529/363/36 528/364/36 
f 530/367/36 525/369/36 528/364/36 531/368/36 
f 528/364/36 532/372/36 533/373/36 534/374/36 
f 528/364/36 534/374/36 531/368/36 
f 530/367/36 531/368/36 535/365/36 536/366/36 
f 537/354/35 528/364/35 529/363/35 538/357/35 
f 291/292/35 289/291/35 298/375/35 300/376/35 
f 334/377/34 347/378/34 346/379/34 335/380/34 
f 350/377/34 329/378/34 328/379/34 351/380/34 
f 364/377/34 371/378/34 370/379/34 365/380/34 
f 376/377/34 361/378/34 360/379/34 377/380/34 
f 520/377/35 527/378/35 526/379/35 521/380/35 
f 532/377/35 517/378/35 516/379/35 533/380/35 
f 490/377/35 503/378/35 502/379/35 491/380/35 
f 506/377/35 485/378/35 484/379/35 507/380/35 
f 464/377/36 471/378/36 470/379/36 465/380/36 
f 476/377/36 461/378/36 460/379/36 477/380/36 
f 434/377/36 447/378/36 446/379/36 435/380/36 
f 450/377/36 429/378/36 428/379/36 451/380/36 
f 412/377/37 418/378/37 417/379/37 413/380/37 
f 325/377/37 326/378/37 410/379/37 422/380/37 
f 388/377/37 400/378/37 399/379/37 389/380/37 
f 320/377/37 319/378/37 384/379/37 402/380/37 
f 365/380/39 370/379/39 369/381/39 366/382/39 
f 358/383/1 374/384/1 380/385/1 355/386/1 
f 358/383/34 366/382/34 369/381/34 374/384/34 
f 375/383/39 357/384/39 356/385/39 379/386/39 
f 377/380/51 360/379/51 359/381/51 378/382/51 
f 359/381/34 357/384/34 375/383/34 378/382/34 
f 389/380/39 399/379/39 398/381/39 390/382/39 
f 402/380/1 384/379/1 383/381/1 403/382/1 
f 397/383/38 385/384/38 392/385/38 394/386/38 
f 386/383/1 396/384/1 395/385/1 391/386/1 
f 397/383/37 403/382/37 383/381/37 385/384/37 
f 386/383/37 390/382/37 398/381/37 396/384/37 
f 413/380/39 417/379/39 416/381/39 414/382/39 
f 408/383/1 420/384/1 425/385/1 405/386/1 
f 422/380/52 410/379/52 409/381/52 423/382/52 
f 421/383/53 407/384/53 406/385/53 424/386/53 
f 421/383/37 423/382/37 409/381/37 407/384/37 
f 408/383/37 414/382/37 416/381/37 420/384/37 
f 451/380/54 428/379/54 427/381/54 452/382/54 
f 444/383/40 431/384/40 438/385/40 441/386/40 
f 444/383/36 452/382/36 427/381/36 431/384/36 
f 435/380/39 446/379/39 445/381/39 436/382/39 
f 432/383/1 443/384/1 442/385/1 437/386/1 
f 432/383/36 436/382/36 445/381/36 443/384/36 
f 465/380/39 470/379/39 469/381/39 466/382/39 
f 458/383/1 474/384/1 480/385/1 455/386/1 
f 458/383/36 466/382/36 469/381/36 474/384/36 
f 477/380/1 460/379/1 459/381/1 478/382/1 
f 475/383/38 457/384/38 456/385/38 479/386/38 
f 475/383/36 478/382/36 459/381/36 457/384/36 
f 507/380/51 484/379/51 483/381/51 508/382/51 
f 500/383/39 487/384/39 494/385/39 497/386/39 
f 500/383/35 508/382/35 483/381/35 487/384/35 
f 491/380/39 502/379/39 501/381/39 492/382/39 
f 488/383/1 499/384/1 498/385/1 493/386/1 
f 488/383/35 492/382/35 501/381/35 499/384/35 
f 521/380/39 526/379/39 525/381/39 522/382/39 
f 514/383/1 530/384/1 536/385/1 511/386/1 
f 531/383/40 513/384/40 512/385/40 535/386/40 
f 533/380/54 516/379/54 515/381/54 534/382/54 
f 515/381/35 513/384/35 531/383/35 534/382/35 
f 514/383/35 522/382/35 525/381/35 530/384/35 
f 351/380/52 328/379/52 327/381/52 352/382/52 
f 344/383/53 331/384/53 338/385/53 341/386/53 
f 344/383/34 352/382/34 327/381/34 331/384/34 
f 335/380/39 346/379/39 345/381/39 336/382/39 
f 332/383/1 343/384/1 342/385/1 337/386/1 
f 332/383/34 336/382/34 345/381/34 343/384/34 
f 539/387/1 540/388/1 509/389/1 524/390/1 
f 505/391/1 503/392/1 490/393/1 489/394/1 
f 541/395/1 542/396/1 297/315/1 495/397/1 
f 489/394/1 495/397/1 297/315/1 505/391/1 
f 509/389/1 505/391/1 297/315/1 524/390/1 
f 543/398/1 544/399/1 538/400/1 299/314/1 
f 297/315/1 299/314/1 538/400/1 529/401/1 
f 529/401/1 527/402/1 520/403/1 518/404/1 
f 297/315/1 529/401/1 518/404/1 524/390/1 
f 545/347/39 546/405/39 523/406/39 510/345/39 
f 519/407/39 517/408/39 532/409/39 528/410/39 
f 547/411/39 548/412/39 300/376/39 537/413/39 
f 528/410/39 537/413/39 300/376/39 519/407/39 
f 523/406/39 519/407/39 300/376/39 510/345/39 
f 549/414/53 550/415/53 496/416/53 298/375/53 
f 300/376/39 298/375/39 496/416/39 486/417/39 
f 486/417/39 485/418/39 506/419/39 504/420/39 
f 300/376/39 486/417/39 504/420/39 510/345/39 
f 551/421/35 552/422/35 553/423/35 554/424/35 
f 552/422/55 555/425/55 556/426/55 553/423/55 
f 557/427/56 551/421/56 554/424/56 558/428/56 
f 559/429/56 560/430/56 561/431/56 562/432/56 
f 560/430/35 563/433/35 564/434/35 561/431/35 
f 563/433/55 565/435/55 566/436/55 564/434/55 
f 545/437/35 557/427/35 558/428/35 546/438/35 
f 539/439/35 566/436/35 565/435/35 540/440/35 
f 562/432/35 556/426/35 555/425/35 559/429/35 
f 567/421/35 568/422/35 569/423/35 570/424/35 
f 568/422/57 571/425/57 572/426/57 569/423/57 
f 573/427/58 567/421/58 570/424/58 574/428/58 
f 575/429/58 576/430/58 577/431/58 578/432/58 
f 576/430/35 579/433/35 580/434/35 577/431/35 
f 579/433/57 581/435/57 582/436/57 580/434/57 
f 549/437/35 573/427/35 574/428/35 550/438/35 
f 541/439/35 582/436/35 581/435/35 542/440/35 
f 578/432/35 572/426/35 571/425/35 575/429/35 
f 583/421/35 584/422/35 585/423/35 586/424/35 
f 584/422/59 587/425/59 588/426/59 585/423/59 
f 589/427/60 583/421/60 586/424/60 590/428/60 
f 591/429/60 592/430/60 593/431/60 594/432/60 
f 592/430/35 595/433/35 596/434/35 593/431/35 
f 595/433/59 597/435/59 598/436/59 596/434/59 
f 547/437/35 589/427/35 590/428/35 548/438/35 
f 543/439/35 598/436/35 597/435/35 544/440/35 
f 594/432/35 588/426/35 587/425/35 591/429/35 
f 349/441/1 347/442/1 334/443/1 333/444/1 
f 339/445/1 599/446/1 600/447/1 295/306/1 
f 339/445/1 295/306/1 296/305/1 333/444/1 
f 349/441/1 333/444/1 296/305/1 353/448/1 
f 296/305/1 601/449/1 602/450/1 382/451/1 
f 296/305/1 382/451/1 373/452/1 363/453/1 
f 371/454/1 364/455/1 363/453/1 373/452/1 
f 296/305/1 363/453/1 368/456/1 353/448/1 
f 368/456/1 603/457/1 604/458/1 353/448/1 
f 605/421/46 606/424/46 607/423/46 608/422/46 
f 608/422/61 607/423/61 609/426/61 610/425/61 
f 611/427/62 612/428/62 606/424/62 605/421/62 
f 613/429/62 614/432/62 615/431/62 616/430/62 
f 616/430/46 615/431/46 617/434/46 618/433/46 
f 618/433/61 617/434/61 619/436/61 620/435/61 
f 621/437/63 622/438/63 612/428/63 611/427/63 
f 604/439/63 603/440/63 620/435/63 619/436/63 
f 614/432/63 613/429/63 610/425/63 609/426/63 
f 623/421/46 624/424/46 625/423/46 626/422/46 
f 626/422/64 625/423/64 627/426/64 628/425/64 
f 629/427/65 630/428/65 624/424/65 623/421/65 
f 631/429/65 632/432/65 633/431/65 634/430/65 
f 634/430/46 633/431/46 635/434/46 636/433/46 
f 636/433/64 635/434/64 637/436/64 638/435/64 
f 639/437/46 640/438/46 630/428/46 629/427/46 
f 602/439/46 601/440/46 638/435/46 637/436/46 
f 632/432/63 631/429/63 628/425/63 627/426/63 
f 329/459/39 350/460/39 348/461/39 330/462/39 
f 354/463/38 622/464/38 621/465/38 367/466/38 
f 362/467/39 361/468/39 376/469/39 372/470/39 
f 381/471/53 640/472/53 639/473/53 294/300/53 
f 381/471/39 294/300/39 293/299/39 372/470/39 
f 362/467/39 372/470/39 293/299/39 367/466/39 
f 354/463/39 367/466/39 293/299/39 348/461/39 
f 330/462/39 348/461/39 293/299/39 340/474/39 
f 293/299/38 641/475/38 642/476/38 340/474/38 
f 643/421/46 644/424/46 645/423/46 646/422/46 
f 646/422/66 645/423/66 647/426/66 648/425/66 
f 649/427/67 650/428/67 644/424/67 643/421/67 
f 651/429/67 652/432/67 653/431/67 654/430/67 
f 654/430/46 653/431/46 655/434/46 656/433/46 
f 656/433/66 655/434/66 657/436/66 658/435/66 
f 642/437/46 641/438/46 650/428/46 649/427/46 
f 600/439/46 599/440/46 658/435/46 657/436/46 
f 652/432/63 651/429/63 648/425/63 647/426/63 
f 659/421/37 660/424/37 661/423/37 662/422/37 
f 662/422/55 661/423/55 663/426/55 664/425/55 
f 665/427/56 666/428/56 660/424/56 659/421/56 
f 667/429/56 668/432/56 669/431/56 670/430/56 
f 670/430/37 669/431/37 671/434/37 672/433/37 
f 672/433/55 671/434/55 673/436/55 674/435/55 
f 324/437/37 323/438/37 666/428/37 665/427/37 
f 675/439/37 676/440/37 674/435/37 673/436/37 
f 668/432/37 667/429/37 664/425/37 663/426/37 
f 677/421/37 678/424/37 679/423/37 680/422/37 
f 680/422/57 679/423/57 681/426/57 682/425/57 
f 683/427/58 684/428/58 678/424/58 677/421/58 
f 685/429/58 686/432/58 687/431/58 688/430/58 
f 688/430/37 687/431/37 689/434/37 690/433/37 
f 690/433/57 689/434/57 691/436/57 692/435/57 
f 311/437/37 310/438/37 684/428/37 683/427/37 
f 693/439/37 694/440/37 692/435/37 691/436/37 
f 686/432/37 685/429/37 682/425/37 681/426/37 
f 308/331/1 694/477/1 693/478/1 426/400/1 
f 308/331/1 426/400/1 419/401/1 411/479/1 
f 418/480/1 412/481/1 411/479/1 419/401/1 
f 308/331/1 411/479/1 415/482/1 404/483/1 
f 676/484/1 675/485/1 404/483/1 415/482/1 
f 307/332/1 308/331/1 404/483/1 387/486/1 
f 401/487/1 400/488/1 388/489/1 387/486/1 
f 404/483/35 401/487/35 387/486/35 
f 307/332/1 387/486/1 393/490/1 695/491/1 
f 393/490/1 696/492/1 695/491/1 
f 697/421/37 698/424/37 699/423/37 700/422/37 
f 700/422/59 699/423/59 701/426/59 702/425/59 
f 703/427/60 704/428/60 698/424/60 697/421/60 
f 705/429/60 706/432/60 707/431/60 708/430/60 
f 708/430/37 707/431/37 709/434/37 710/433/37 
f 710/433/59 709/434/59 711/436/59 712/435/59 
f 315/437/37 314/438/37 704/428/37 703/427/37 
f 695/439/37 696/440/37 712/435/37 711/436/37 
f 706/432/37 705/429/37 702/425/37 701/426/37 
f 713/421/36 714/424/36 715/423/36 716/422/36 
f 716/422/68 715/423/68 717/426/68 718/425/68 
f 719/427/69 720/428/69 714/424/69 713/421/69 
f 721/429/69 722/432/69 723/431/69 724/430/69 
f 724/430/36 723/431/36 725/434/36 726/433/36 
f 726/433/68 725/434/68 727/436/68 728/435/68 
f 729/437/36 730/438/36 720/428/36 719/427/36 
f 731/439/36 732/440/36 728/435/36 727/436/36 
f 722/432/36 721/429/36 718/425/36 717/426/36 
f 471/493/1 464/494/1 463/495/1 473/496/1 
f 468/497/1 732/498/1 731/499/1 453/500/1 
f 449/501/1 447/502/1 434/503/1 433/504/1 
f 439/505/1 733/506/1 734/491/1 303/325/1 
f 433/504/1 439/505/1 303/325/1 449/501/1 
f 453/500/1 449/501/1 303/325/1 468/497/1 
f 463/495/1 468/497/1 303/325/1 473/496/1 
f 482/507/1 473/496/1 303/325/1 304/324/1 
f 304/324/1 735/508/1 736/509/1 482/507/1 
f 301/318/39 737/510/39 738/511/39 440/512/39 
f 302/319/39 301/318/39 440/512/39 430/513/39 
f 429/514/39 450/515/39 448/516/39 430/513/39 
f 302/319/39 430/513/39 448/516/39 454/517/39 
f 454/517/39 730/518/39 729/519/39 467/520/39 
f 302/319/39 454/517/39 467/520/39 462/521/39 
f 462/521/39 461/522/39 476/523/39 472/524/39 
f 302/319/39 462/521/39 472/524/39 481/525/39 
f 481/525/40 739/526/40 740/527/40 302/319/40 
f 741/421/36 742/424/36 743/423/36 744/422/36 
f 744/422/70 743/423/70 745/426/70 746/425/70 
f 747/427/71 748/428/71 742/424/71 741/421/71 
f 749/429/71 750/432/71 751/431/71 752/430/71 
f 752/430/36 751/431/36 753/434/36 754/433/36 
f 754/433/70 753/434/70 755/436/70 756/435/70 
f 740/437/36 739/438/36 748/428/36 747/427/36 
f 736/439/36 735/440/36 756/435/36 755/436/36 
f 750/432/50 749/429/50 746/425/50 745/426/50 
f 757/421/36 758/424/36 759/423/36 760/422/36 
f 760/422/72 759/423/72 761/426/72 762/425/72 
f 763/427/73 764/428/73 758/424/73 757/421/73 
f 765/429/73 766/432/73 767/431/73 768/430/73 
f 768/430/36 767/431/36 769/434/36 770/433/36 
f 770/433/72 769/434/72 771/436/72 772/435/72 
f 738/437/36 737/438/36 764/428/36 763/427/36 
f 734/439/36 733/440/36 772/435/36 771/436/36 
f 766/432/50 765/429/50 762/425/50 761/426/50 
f 773/528/34 774/529/34 775/530/34 776/531/34 
f 777/532/36 778/533/36 779/534/36 780/535/36 
f 774/529/48 781/536/48 782/537/48 775/530/48 
f 780/538/35 783/539/35 784/540/35 777/541/35 
f 785/542/39 786/543/39 787/544/39 788/545/39 
f 789/546/39 790/547/39 791/548/39 792/549/39 
f 793/550/36 794/551/36 786/552/36 785/553/36 
f 788/545/36 787/544/36 790/554/36 789/555/36 
f 792/549/36 791/548/36 795/556/36 796/557/36 
f 797/558/42 798/559/42 799/560/42 800/561/42 
f 798/562/39 801/563/39 802/564/39 799/560/39 
f 802/565/37 801/566/37 803/567/37 804/568/37 
f 803/567/39 805/569/39 806/570/39 804/568/39 
f 806/571/42 805/572/42 807/573/42 808/574/42 
f 807/573/39 809/575/39 810/576/39 808/574/39 
f 810/577/42 809/578/42 811/579/42 812/575/42 
f 781/536/53 774/529/53 777/541/53 784/540/53 
f 795/580/35 791/548/35 790/547/35 776/531/35 
f 790/547/35 787/544/35 786/543/35 776/531/35 
f 786/543/35 794/551/35 773/528/35 776/531/35 
f 795/580/35 776/531/35 813/581/35 814/582/35 
f 802/564/36 804/568/36 806/570/36 813/581/36 
f 810/576/36 812/575/36 814/582/36 813/581/36 
f 808/574/36 810/576/36 813/581/36 806/570/36 
f 802/564/36 813/581/36 800/561/36 799/560/36 
f 811/579/39 815/583/39 814/582/39 812/575/39 
f 816/584/37 817/585/37 818/586/37 819/587/37 
f 818/586/37 820/588/37 819/587/37 
f 819/587/37 779/589/37 778/590/37 785/591/37 
f 778/590/37 793/550/37 785/591/37 
f 816/584/37 819/587/37 785/591/37 789/592/37 
f 785/591/37 788/593/37 789/592/37 
f 789/592/37 792/594/37 796/595/37 816/584/37 
f 796/595/37 815/596/37 821/597/37 816/584/37 
f 816/584/37 821/597/37 822/598/37 
f 815/583/34 811/579/34 809/599/34 821/600/34 
f 823/601/44 821/600/44 809/599/44 807/602/44 
f 824/603/34 823/601/34 807/602/34 805/604/34 
f 825/605/63 824/603/63 805/604/63 803/606/63 
f 825/605/34 803/606/34 801/607/34 826/608/34 
f 801/607/44 798/609/44 797/610/44 826/608/44 
f 827/611/49 828/612/49 816/613/49 822/614/49 
f 816/584/39 828/615/39 829/616/39 817/585/39 
f 829/617/50 830/618/50 818/619/50 817/620/50 
f 818/586/74 830/621/74 831/622/74 820/588/74 
f 831/623/75 832/624/75 819/625/75 820/626/75 
f 833/627/76 779/534/76 819/628/76 834/629/76 
f 832/630/77 835/631/77 834/629/77 819/628/77 
f 836/632/42 823/601/42 824/603/42 837/633/42 
f 837/634/38 824/635/38 825/636/38 838/637/38 
f 838/638/47 825/605/47 826/608/47 839/639/47 
f 840/640/78 841/641/78 842/642/78 843/643/78 
f 843/643/42 842/642/42 844/644/42 845/645/42 
f 846/646/79 847/647/79 841/641/79 840/640/79 
f 848/641/78 849/642/78 850/643/78 851/640/78 
f 849/642/80 852/644/80 853/645/80 850/643/80 
f 854/647/81 848/641/81 851/640/81 855/646/81 
f 856/648/37 857/649/37 858/650/37 859/651/37 
f 860/652/82 861/653/82 862/654/82 863/655/82 
f 856/648/34 859/651/34 861/653/34 860/652/34 
f 857/656/83 856/648/83 860/652/83 863/657/83 
f 841/658/84 847/659/84 862/660/84 861/653/84 
f 859/651/85 858/661/85 855/662/85 851/663/85 
f 859/651/86 851/663/86 850/664/86 842/665/86 
f 850/664/1 853/666/1 844/667/1 842/665/1 
f 861/653/87 859/651/87 842/665/87 841/658/87 
f 864/668/88 865/669/88 866/670/88 867/671/88 
f 868/672/89 867/671/89 866/670/89 869/673/89 
f 870/674/90 865/669/90 864/668/90 871/675/90 
f 872/669/91 873/670/91 874/671/91 875/668/91 
f 876/673/92 877/672/92 874/671/92 873/670/92 
f 878/675/93 879/674/93 872/669/93 875/668/93 
f 880/676/37 881/677/37 882/678/37 883/679/37 
f 884/680/34 880/676/34 883/679/34 885/681/34 
f 886/682/50 882/678/50 881/677/50 887/683/50 
f 887/684/39 881/677/39 880/676/39 884/685/39 
f 877/686/1 869/687/1 866/688/1 874/689/1 
f 870/690/94 885/691/94 883/679/94 865/692/94 
f 866/688/95 865/692/95 883/679/95 874/689/95 
f 874/689/96 883/679/96 882/678/96 875/693/96 
f 875/693/1 882/678/1 886/694/1 878/695/1 
f 888/696/42 889/697/42 890/698/42 891/699/42 
f 892/700/46 888/696/46 891/699/46 893/683/46 
f 893/701/52 891/699/52 890/698/52 894/702/52 
f 894/703/36 890/698/36 889/697/36 895/704/36 
f 872/705/97 879/706/97 895/707/97 889/697/97 
f 873/708/98 872/705/98 889/697/98 888/696/98 
f 892/709/99 871/710/99 864/711/99 888/696/99 
f 888/696/100 864/711/100 867/712/100 873/708/100 
f 867/712/39 868/713/39 876/714/39 873/708/39 
f 896/669/101 897/670/101 898/671/101 899/668/101 
f 900/673/102 901/672/102 898/671/102 897/670/102 
f 902/675/103 903/674/103 896/669/103 899/668/103 
f 904/668/104 905/669/104 906/670/104 907/671/104 
f 908/672/105 907/671/105 906/670/105 909/673/105 
f 910/674/106 905/669/106 904/668/106 911/675/106 
f 912/699/35 913/715/35 914/716/35 915/698/35 
f 916/683/63 917/717/63 913/715/63 912/699/63 
f 918/718/36 919/719/36 915/698/36 914/716/36 
f 919/720/40 916/721/40 912/699/40 915/698/40 
f 905/722/52 910/723/52 918/724/52 914/716/52 
f 913/715/107 917/725/107 902/726/107 899/727/107 
f 913/715/108 899/727/108 898/728/108 906/729/108 
f 898/728/1 901/730/1 909/687/1 906/729/1 
f 914/716/109 913/715/109 906/729/109 905/722/109 
f 920/731/35 921/732/35 922/733/35 923/715/35 
f 924/734/46 925/735/46 921/732/46 920/731/46 
f 925/736/52 926/737/52 922/733/52 921/732/52 
f 926/738/36 927/717/36 923/715/36 922/733/36 
f 908/713/39 900/739/39 897/729/39 907/728/39 
f 896/722/99 903/740/99 924/741/99 920/731/99 
f 897/729/110 896/722/110 920/731/110 907/728/110 
f 907/728/110 920/731/110 923/715/110 904/727/110 
f 927/742/111 911/743/111 904/727/111 923/715/111 
f 928/668/112 929/669/112 930/670/112 931/671/112 
f 932/672/113 931/671/113 930/670/113 933/673/113 
f 934/674/114 929/669/114 928/668/114 935/675/114 
f 936/669/115 937/670/115 938/671/115 939/668/115 
f 940/673/116 941/672/116 938/671/116 937/670/116 
f 942/675/117 943/674/117 936/669/117 939/668/117 
f 944/744/36 945/745/36 946/678/36 947/679/36 
f 948/746/37 944/744/37 947/679/37 949/747/37 
f 950/748/118 946/678/118 945/745/118 951/749/118 
f 951/750/53 945/745/53 944/744/53 948/751/53 
f 941/713/1 933/714/1 930/688/1 938/689/1 
f 934/752/51 949/753/51 947/679/51 929/754/51 
f 930/688/119 929/754/119 947/679/119 938/689/119 
f 938/689/119 947/679/119 946/678/119 939/755/119 
f 939/755/120 946/678/120 950/756/120 942/757/120 
f 952/758/36 953/697/36 954/698/36 955/759/36 
f 956/760/37 952/758/37 955/759/37 957/761/37 
f 957/762/54 955/759/54 954/698/54 958/763/54 
f 958/703/118 954/698/118 953/697/118 959/704/118 
f 936/764/121 943/765/121 959/766/121 953/697/121 
f 937/767/122 936/764/122 953/697/122 952/758/122 
f 956/768/123 935/769/123 928/770/123 952/758/123 
f 952/758/124 928/770/124 931/771/124 937/767/124 
f 931/771/39 932/772/39 940/773/39 937/767/39 
f 960/669/125 961/670/125 962/671/125 963/668/125 
f 964/673/126 965/672/126 962/671/126 961/670/126 
f 966/675/127 967/674/127 960/669/127 963/668/127 
f 968/668/125 969/669/125 970/670/125 971/671/125 
f 972/672/128 971/671/128 970/670/128 973/673/128 
f 974/674/129 969/669/129 968/668/129 975/675/129 
f 976/677/34 977/774/34 978/731/34 979/775/34 
f 980/776/42 981/777/42 977/774/42 976/677/42 
f 982/734/41 983/778/41 979/775/41 978/731/41 
f 983/736/53 980/684/53 976/677/53 979/775/53 
f 969/779/1 974/780/1 982/781/1 978/731/1 
f 977/774/130 981/694/130 966/695/130 963/782/130 
f 977/774/131 963/782/131 962/783/131 970/784/131 
f 962/783/1 965/730/1 973/687/1 970/784/1 
f 978/731/132 977/774/132 970/784/132 969/779/132 
f 984/785/34 985/775/34 986/759/34 987/786/34 
f 988/787/42 989/778/42 985/775/42 984/785/42 
f 989/736/52 990/684/52 986/759/52 985/775/52 
f 990/788/41 991/789/41 987/786/41 986/759/41 
f 972/686/39 964/790/39 961/791/39 971/689/39 
f 960/754/133 967/752/133 988/792/133 984/785/133 
f 961/791/134 960/754/134 984/785/134 971/689/134 
f 971/689/134 984/785/134 987/786/134 968/693/134 
f 991/756/135 975/757/135 968/693/135 987/786/135 
f 992/668/88 993/669/88 994/670/88 995/671/88 
f 996/672/89 995/671/89 994/670/89 997/673/89 
f 998/674/90 993/669/90 992/668/90 999/675/90 
f 1000/669/91 1001/670/91 1002/671/91 1003/668/91 
f 1004/673/92 1005/672/92 1002/671/92 1001/670/92 
f 1006/675/136 1007/674/136 1000/669/136 1003/668/136 
f 1008/793/37 1009/759/37 1010/786/37 1011/794/37 
f 1012/680/63 1008/793/63 1011/794/63 1013/681/63 
f 1014/789/36 1010/786/36 1009/759/36 1015/788/36 
f 1015/795/53 1009/759/53 1008/793/53 1012/796/53 
f 1005/730/1 997/687/1 994/797/1 1002/798/1 
f 998/690/51 1013/799/51 1011/794/51 993/692/51 
f 994/797/95 993/692/95 1011/794/95 1002/798/95 
f 1002/798/96 1011/794/96 1010/786/96 1003/755/96 
f 1003/755/1 1010/786/1 1014/800/1 1006/801/1 
f 1016/678/42 1017/794/42 1018/793/42 1019/677/42 
f 1020/748/63 1016/678/63 1019/677/63 1021/776/63 
f 1021/802/52 1019/677/52 1018/793/52 1022/796/52 
f 1022/680/36 1018/793/36 1017/794/36 1023/681/36 
f 1000/803/97 1007/690/97 1023/799/97 1017/794/97 
f 1001/804/98 1000/803/98 1017/794/98 1016/678/98 
f 1020/694/99 999/801/99 992/770/99 1016/678/99 
f 1016/678/100 992/770/100 995/771/100 1001/804/100 
f 995/771/39 996/713/39 1004/714/39 1001/804/39 
f 1024/805/36 1025/806/36 1026/807/36 1027/808/36 
f 1027/808/36 1028/809/36 1029/810/36 1024/805/36 
f 1028/809/37 1030/811/37 1031/812/37 1029/810/37 
f 1032/813/137 1033/814/137 1026/807/137 1025/806/137 
f 1034/815/36 1035/816/36 1036/817/36 1037/818/36 
f 1037/818/36 1038/819/36 1039/820/36 1034/815/36 
f 1040/821/36 1041/822/36 1042/823/36 1043/824/36 
f 1043/824/36 1044/825/36 1045/826/36 1040/821/36 
f 1046/827/49 1047/828/49 1048/829/49 1049/830/49 
f 1049/830/50 1050/831/50 1051/832/50 1046/827/50 
f 1052/833/36 1053/834/36 1054/835/36 1055/836/36 
f 1055/836/36 1056/837/36 1057/838/36 1052/833/36 
f 1058/839/36 1059/840/36 1060/841/36 1061/842/36 
f 1061/842/36 1062/843/36 1063/844/36 1058/839/36 
f 1064/845/36 1065/846/36 1066/847/36 1067/848/36 
f 1067/848/36 1068/849/36 1069/850/36 1064/845/36 
f 1070/851/36 1071/852/36 1072/853/36 1073/854/36 
f 1073/854/36 1074/855/36 1075/856/36 1070/851/36 
f 1076/857/36 1077/858/36 1078/859/36 1079/860/36 
f 1079/860/36 1080/861/36 1081/862/36 1076/857/36 
f 1082/863/36 1083/864/36 1084/865/36 1085/866/36 
f 1085/866/36 1086/867/36 1087/868/36 1082/863/36 
f 1088/869/36 1089/870/36 1090/871/36 1091/872/36 
f 1091/872/36 1092/873/36 1093/874/36 1088/869/36 
f 1094/875/36 1095/876/36 1096/877/36 1097/878/36 
f 1097/878/36 1098/879/36 1099/880/36 1094/875/36 
f 1100/881/36 1101/882/36 1102/883/36 1103/884/36 
f 1103/884/36 1104/885/36 1105/886/36 1100/881/36 
f 1106/887/37 1107/888/37 1039/820/37 1108/889/37 
f 1106/887/37 1108/889/37 1109/890/37 
f 1038/819/37 1110/891/37 1108/889/37 1039/820/37 
f 1110/891/37 1038/819/37 1045/826/37 1111/892/37 
f 1111/892/37 1112/893/37 1113/894/37 1110/891/37 
f 1044/825/37 1114/895/37 1111/892/37 1045/826/37 
f 1114/895/37 1044/825/37 1051/832/37 1115/896/37 
f 1115/896/37 1116/897/37 1117/898/37 1114/895/37 
f 1050/831/37 1118/899/37 1115/896/37 1051/832/37 
f 1118/899/37 1050/831/37 1057/838/37 1119/900/37 
f 1119/900/37 1120/901/37 1121/902/37 1118/899/37 
f 1056/837/37 1122/903/37 1119/900/37 1057/838/37 
f 1122/903/37 1056/837/37 1063/844/37 1123/904/37 
f 1123/904/37 1124/905/37 1125/906/37 1122/903/37 
f 1062/843/37 1126/907/37 1123/904/37 1063/844/37 
f 1126/907/37 1062/843/37 1069/850/37 1127/908/37 
f 1127/908/37 1128/909/37 1129/910/37 1126/907/37 
f 1068/849/37 1130/911/37 1127/908/37 1069/850/37 
f 1130/911/37 1068/849/37 1029/810/37 1031/812/37 
f 1031/812/37 1131/912/37 1132/913/37 1130/911/37 
f 1133/914/37 1134/915/37 1135/916/37 1136/917/37 
f 1136/917/37 1071/852/37 1137/918/37 1133/914/37 
f 1138/919/37 1072/853/37 1071/852/37 1136/917/37 
f 1138/919/37 1139/920/37 1140/921/37 1141/922/37 
f 1141/922/37 1077/858/37 1072/853/37 1138/919/37 
f 1142/923/37 1078/859/37 1077/858/37 1141/922/37 
f 1142/923/37 1143/924/37 1144/925/37 1145/926/37 
f 1145/926/37 1083/864/37 1078/859/37 1142/923/37 
f 1146/927/37 1084/865/37 1083/864/37 1145/926/37 
f 1146/927/37 1147/928/37 1148/929/37 1149/930/37 
f 1149/930/37 1089/870/37 1084/865/37 1146/927/37 
f 1150/931/37 1090/871/37 1089/870/37 1149/930/37 
f 1150/931/37 1151/932/37 1152/933/37 1153/934/37 
f 1153/934/37 1095/876/37 1090/871/37 1150/931/37 
f 1154/935/37 1096/877/37 1095/876/37 1153/934/37 
f 1154/935/37 1155/936/37 1156/937/37 1157/938/37 
f 1157/938/37 1101/882/37 1096/877/37 1154/935/37 
f 1158/939/37 1102/883/37 1101/882/37 1157/938/37 
f 1158/939/37 1159/940/37 1160/941/37 1030/811/37 
f 1030/811/37 1028/809/37 1102/883/37 1158/939/37 
f 1161/942/138 1162/943/138 1135/916/138 1134/915/138 
f 1163/944/138 1164/945/138 1140/921/138 1139/920/138 
f 1165/946/138 1166/947/138 1144/925/138 1143/924/138 
f 1167/948/138 1168/949/138 1148/929/138 1147/928/138 
f 1169/950/138 1170/951/138 1152/933/138 1151/932/138 
f 1171/952/138 1172/953/138 1156/937/138 1155/936/138 
f 1173/954/138 1174/955/138 1160/941/138 1159/940/138 
f 1034/815/36 1039/820/36 1107/888/36 1175/956/36 
f 1040/821/36 1045/826/36 1038/819/36 1037/818/36 
f 1046/827/36 1051/832/36 1044/825/36 1043/824/36 
f 1052/833/36 1057/838/36 1050/831/36 1049/830/36 
f 1058/839/36 1063/844/36 1056/837/36 1055/836/36 
f 1064/845/36 1069/850/36 1062/843/36 1061/842/36 
f 1024/805/36 1029/810/36 1068/849/36 1067/848/36 
f 1071/852/36 1070/851/36 1176/957/36 1137/918/36 
f 1077/858/36 1076/857/36 1073/854/36 1072/853/36 
f 1083/864/36 1082/863/36 1079/860/36 1078/859/36 
f 1089/870/36 1088/869/36 1085/866/36 1084/865/36 
f 1095/876/36 1094/875/36 1091/872/36 1090/871/36 
f 1101/882/36 1100/881/36 1097/878/36 1096/877/36 
f 1028/809/36 1027/808/36 1103/884/36 1102/883/36 
f 1177/958/137 1178/959/137 1036/817/137 1035/816/137 
f 1179/960/137 1180/961/137 1042/823/137 1041/822/137 
f 1181/962/139 1182/963/139 1048/829/139 1047/828/139 
f 1183/964/137 1184/965/137 1054/835/137 1053/834/137 
f 1185/966/137 1186/967/137 1060/841/137 1059/840/137 
f 1187/968/137 1188/969/137 1066/847/137 1065/846/137 
f 1136/917/140 1189/970/140 1190/971/140 1138/919/140 
f 1141/922/140 1191/972/140 1192/973/140 1142/923/140 
f 1145/926/140 1193/974/140 1194/975/140 1146/927/140 
f 1149/930/140 1195/976/140 1196/977/140 1150/931/140 
f 1153/934/140 1197/978/140 1198/979/140 1154/935/140 
f 1157/938/140 1199/980/140 1200/981/140 1158/939/140 
f 1030/811/140 1201/982/140 1202/983/140 1031/812/140 
f 1130/911/140 1203/984/140 1204/985/140 1127/908/140 
f 1126/907/140 1205/986/140 1206/987/140 1123/904/140 
f 1122/903/140 1207/988/140 1208/989/140 1119/900/140 
f 1118/899/140 1209/990/140 1210/991/140 1115/896/140 
f 1114/895/140 1211/992/140 1212/993/140 1111/892/140 
f 1110/891/140 1213/994/140 1214/995/140 1108/889/140 
f 1108/996/1 1214/997/1 1215/998/1 1109/999/1 
f 1113/1000/39 1216/1001/39 1213/1002/39 1110/1003/39 
f 1111/996/1 1212/1004/1 1217/1005/1 1112/999/1 
f 1117/1006/39 1218/1004/39 1211/1007/39 1114/1008/39 
f 1115/1009/1 1210/1010/1 1219/1011/1 1116/1012/1 
f 1121/1013/39 1220/1010/39 1209/1014/39 1118/1015/39 
f 1119/996/1 1208/1010/1 1221/1011/1 1120/999/1 
f 1125/1013/39 1222/1004/39 1207/1007/39 1122/1015/39 
f 1123/1013/1 1206/1016/1 1223/1005/1 1124/1017/1 
f 1129/1006/39 1224/1004/39 1205/1007/39 1126/1008/39 
f 1127/1018/1 1204/1010/1 1225/1011/1 1128/1015/1 
f 1132/1019/39 1226/1016/39 1203/1007/39 1130/1020/39 
f 1031/1018/1 1202/1010/1 1227/1011/1 1131/1015/1 
f 1135/1013/39 1162/1010/39 1189/1014/39 1136/1015/39 
f 1138/996/54 1190/1010/54 1163/1011/54 1139/999/54 
f 1140/1006/39 1164/1010/39 1191/1014/39 1141/1008/39 
f 1142/996/1 1192/1010/1 1165/1011/1 1143/1008/1 
f 1144/1013/40 1166/1010/40 1193/1014/40 1145/1015/40 
f 1146/1018/1 1194/1010/1 1167/1011/1 1147/1017/1 
f 1148/1021/40 1168/1015/40 1195/1022/40 1149/1023/40 
f 1150/996/1 1196/1010/1 1169/1011/1 1151/999/1 
f 1152/1024/40 1170/1025/40 1197/1013/40 1153/1004/40 
f 1154/1026/1 1198/1027/1 1171/1011/1 1155/1015/1 
f 1156/1028/39 1172/1004/39 1199/1005/39 1157/1029/39 
f 1158/1018/1 1200/1010/1 1173/1011/1 1159/1015/1 
f 1160/1013/39 1174/1010/39 1201/1014/39 1030/1015/39 
f 1070/851/141 1228/1030/141 1229/1031/141 1176/957/141 
f 1076/857/142 1230/1032/142 1231/1033/142 1073/854/142 
f 1082/863/142 1232/1034/142 1233/1035/142 1079/860/142 
f 1088/869/142 1234/1036/142 1235/1037/142 1085/866/142 
f 1094/875/142 1236/1038/142 1237/1039/142 1091/872/142 
f 1100/881/142 1238/1040/142 1239/1041/142 1097/878/142 
f 1027/808/142 1240/1042/142 1241/1043/142 1103/884/142 
f 1067/848/143 1242/1044/143 1243/1045/143 1024/805/143 
f 1061/842/142 1244/1046/142 1245/1047/142 1064/845/142 
f 1055/836/142 1246/1048/142 1247/1049/142 1058/839/142 
f 1049/830/142 1248/1050/142 1249/1051/142 1052/833/142 
f 1043/824/142 1250/1052/142 1251/1053/142 1046/827/142 
f 1037/818/142 1252/1054/142 1253/1055/142 1040/821/142 
f 1175/956/144 1254/1056/144 1255/1057/144 1034/815/144 
f 1034/1014/39 1255/1015/39 1177/1026/39 1035/1023/39 
f 1036/1013/1 1178/1058/1 1252/1059/1 1037/1015/1 
f 1040/1011/39 1253/1020/39 1179/1060/39 1041/1061/39 
f 1042/1062/1 1180/1004/1 1250/1007/1 1043/1008/1 
f 1046/1011/39 1251/1029/39 1181/1018/39 1047/1023/39 
f 1048/1062/51 1182/1010/51 1248/1014/51 1049/1025/51 
f 1052/1005/39 1249/1015/39 1183/1018/39 1053/1016/39 
f 1054/1019/51 1184/1004/51 1246/1007/51 1055/1020/51 
f 1058/1014/39 1247/1015/39 1185/1026/39 1059/1023/39 
f 1060/1006/51 1186/1004/51 1244/1007/51 1061/1025/51 
f 1064/1014/39 1245/1008/39 1187/996/39 1065/1023/39 
f 1066/1063/1 1188/1010/1 1242/1014/1 1067/1064/1 
f 1024/1014/39 1243/1008/39 1032/996/39 1025/1023/39 
f 1075/1028/1 1256/1004/1 1228/1007/1 1070/1015/1 
f 1073/1014/38 1231/1008/38 1257/996/38 1074/1023/38 
f 1081/1028/1 1258/1004/1 1230/1000/1 1076/1015/1 
f 1079/1014/39 1233/1017/39 1259/1018/39 1080/1023/39 
f 1087/1013/1 1260/1010/1 1232/1014/1 1082/1015/1 
f 1085/1005/39 1235/1020/39 1261/1060/39 1086/1016/39 
f 1093/1019/1 1262/1004/1 1234/1007/1 1088/1020/1 
f 1091/1007/53 1237/1012/53 1263/1009/53 1092/1016/53 
f 1099/1013/1 1264/1004/1 1236/1007/1 1094/1015/1 
f 1097/1011/53 1239/1008/53 1265/1065/53 1098/1010/53 
f 1105/1062/1 1266/1010/1 1238/1011/1 1100/1025/1 
f 1103/1014/39 1241/1015/39 1267/1018/39 1104/1023/39 
f 1026/1028/1 1033/1023/1 1240/1014/1 1027/1015/1 
f 1075/856/137 1074/855/137 1257/1066/137 1256/1067/137 
f 1081/862/137 1080/861/137 1259/1068/137 1258/1069/137 
f 1087/868/137 1086/867/137 1261/1070/137 1260/1071/137 
f 1093/874/137 1092/873/137 1263/1072/137 1262/1073/137 
f 1099/880/137 1098/879/137 1265/1074/137 1264/1075/137 
f 1105/886/137 1104/885/137 1267/1076/137 1266/1077/137 
f 1106/887/138 1109/890/138 1215/1078/138 1268/1079/138 
f 1113/894/138 1112/893/138 1217/1080/138 1216/1081/138 
f 1117/898/138 1116/897/138 1219/1082/138 1218/1083/138 
f 1121/902/138 1120/901/138 1221/1084/138 1220/1085/138 
f 1125/906/138 1124/905/138 1223/1086/138 1222/1087/138 
f 1129/910/138 1128/909/138 1225/1088/138 1224/1089/138 
f 1132/913/138 1131/912/138 1227/1090/138 1226/1091/138 
f 773/528/39 778/533/39 777/532/39 774/529/39 
f 794/551/39 793/550/39 778/590/39 773/528/39 
f 815/1092/39 796/1093/39 795/580/39 814/582/39 
f 1269/1094/145 846/1095/145 840/1096/145 780/535/145 
f 843/1097/39 845/1098/39 852/1099/39 849/1100/39 
f 848/1101/39 854/1102/39 783/1103/39 780/535/39 
f 849/1100/39 848/1101/39 780/535/39 843/1097/39 
f 840/1096/39 843/1097/39 780/535/39 
f 1270/1104/83 1269/1094/83 780/535/83 779/534/83 
f 1270/1104/146 779/534/146 833/627/146 
f 1271/808/34 1272/807/34 1273/806/34 1274/805/34 
f 1274/805/34 1275/810/34 1276/809/34 1271/808/34 
f 1275/810/35 1277/812/35 1278/811/35 1276/809/35 
f 1279/814/147 1280/813/147 1273/806/147 1272/807/147 
f 1281/851/34 1282/856/34 1283/855/34 1284/854/34 
f 1284/854/34 1285/853/34 1286/852/34 1281/851/34 
f 1287/857/34 1288/862/34 1289/861/34 1290/860/34 
f 1290/860/34 1291/859/34 1292/858/34 1287/857/34 
f 1293/863/34 1294/868/34 1295/867/34 1296/866/34 
f 1296/866/34 1297/865/34 1298/864/34 1293/863/34 
f 1299/869/34 1300/874/34 1301/873/34 1302/872/34 
f 1302/872/34 1303/871/34 1304/870/34 1299/869/34 
f 1305/875/34 1306/880/34 1307/879/34 1308/878/34 
f 1308/878/34 1309/877/34 1310/876/34 1305/875/34 
f 1311/881/34 1312/886/34 1313/885/34 1314/884/34 
f 1314/884/34 1315/883/34 1316/882/34 1311/881/34 
f 1317/827/148 833/832/148 1318/831/148 1319/830/148 
f 1319/830/149 1320/829/149 1270/828/149 1317/827/149 
f 1321/833/34 1322/838/34 1323/837/34 1324/836/34 
f 1324/836/34 1325/835/34 1326/834/34 1321/833/34 
f 1327/839/44 1328/844/44 1329/843/44 1330/842/44 
f 1330/842/44 1331/841/44 1332/840/44 1327/839/44 
f 1333/845/44 1334/850/44 1335/849/44 1336/848/44 
f 1336/848/44 1337/847/44 1338/846/44 1333/845/44 
f 1339/915/35 1340/918/35 1286/852/35 1341/917/35 
f 1339/915/35 1341/917/35 1342/916/35 
f 1285/853/35 1343/919/35 1341/917/35 1286/852/35 
f 1343/919/35 1285/853/35 1292/858/35 1344/922/35 
f 1344/922/35 1345/921/35 1346/920/35 1343/919/35 
f 1291/859/35 1347/923/35 1344/922/35 1292/858/35 
f 1347/923/35 1291/859/35 1298/864/35 1348/926/35 
f 1348/926/35 1349/925/35 1350/924/35 1347/923/35 
f 1297/865/35 1351/927/35 1348/926/35 1298/864/35 
f 1351/927/35 1297/865/35 1304/870/35 1352/930/35 
f 1352/930/35 1353/929/35 1354/928/35 1351/927/35 
f 1303/871/35 1355/931/35 1352/930/35 1304/870/35 
f 1355/931/35 1303/871/35 1310/876/35 1356/934/35 
f 1356/934/35 1357/933/35 1358/932/35 1355/931/35 
f 1309/877/35 1359/935/35 1356/934/35 1310/876/35 
f 1359/935/35 1309/877/35 1316/882/35 1360/938/35 
f 1360/938/35 1361/937/35 1362/936/35 1359/935/35 
f 1315/883/35 1363/939/35 1360/938/35 1316/882/35 
f 1363/939/35 1315/883/35 1276/809/35 1278/811/35 
f 1278/811/35 1364/941/35 1365/940/35 1363/939/35 
f 1366/899/150 1318/831/150 833/832/150 834/896/150 
f 1366/899/35 1367/902/35 1368/901/35 1369/900/35 
f 1369/900/35 1322/838/35 1318/831/35 1366/899/35 
f 1370/903/35 1323/837/35 1322/838/35 1369/900/35 
f 1370/903/35 1371/906/35 1372/905/35 1373/904/35 
f 1373/904/35 1328/844/35 1323/837/35 1370/903/35 
f 1374/907/35 1329/843/35 1328/844/35 1373/904/35 
f 1374/907/35 1375/910/35 1376/909/35 1377/908/35 
f 1377/908/35 1334/850/35 1329/843/35 1374/907/35 
f 1378/911/35 1335/849/35 1334/850/35 1377/908/35 
f 1378/911/35 1379/913/35 1380/912/35 1277/812/35 
f 1277/812/35 1275/810/35 1335/849/35 1378/911/35 
f 1381/1085/151 1382/1084/151 1368/901/151 1367/902/151 
f 1383/1087/152 1384/1086/152 1372/905/152 1371/906/152 
f 1385/1089/153 1386/1088/153 1376/909/153 1375/910/153 
f 1387/1091/154 1388/1090/154 1380/912/154 1379/913/154 
f 1281/851/34 1286/852/34 1340/918/34 1389/957/34 
f 1287/857/34 1292/858/34 1285/853/34 1284/854/34 
f 1293/863/34 1298/864/34 1291/859/34 1290/860/34 
f 1299/869/34 1304/870/34 1297/865/34 1296/866/34 
f 1305/875/34 1310/876/34 1303/871/34 1302/872/34 
f 1311/881/34 1316/882/34 1309/877/34 1308/878/34 
f 1271/808/34 1276/809/34 1315/883/34 1314/884/34 
f 1322/838/34 1321/833/34 1319/830/34 1318/831/34 
f 1328/844/34 1327/839/34 1324/836/34 1323/837/34 
f 1334/850/34 1333/845/34 1330/842/34 1329/843/34 
f 1275/810/34 1274/805/34 1336/848/34 1335/849/34 
f 1390/1067/147 1391/1066/147 1283/855/147 1282/856/147 
f 1392/1069/147 1393/1068/147 1289/861/147 1288/862/147 
f 1394/1071/147 1395/1070/147 1295/867/147 1294/868/147 
f 1396/1073/147 1397/1072/147 1301/873/147 1300/874/147 
f 1398/1075/147 1399/1074/147 1307/879/147 1306/880/147 
f 1400/1077/147 1401/1076/147 1313/885/147 1312/886/147 
f 834/896/155 835/991/155 1402/990/155 1366/899/155 
f 1369/900/156 1403/989/156 1404/988/156 1370/903/156 
f 1373/904/157 1405/987/157 1406/986/157 1374/907/157 
f 1377/908/158 1407/985/158 1408/984/158 1378/911/158 
f 1277/812/159 1409/983/159 1410/982/159 1278/811/159 
f 1363/939/160 1411/981/160 1412/980/160 1360/938/160 
f 1359/935/161 1413/979/161 1414/978/161 1356/934/161 
f 1355/931/162 1415/977/162 1416/976/162 1352/930/162 
f 1351/927/163 1417/975/163 1418/974/163 1348/926/163 
f 1347/923/164 1419/973/164 1420/972/164 1344/922/164 
f 1343/919/165 1421/971/165 1422/970/165 1341/917/165 
f 1341/1013/166 1422/1023/166 1423/1007/166 1342/1020/166 
f 1346/1024/167 1424/1015/167 1421/1013/167 1343/1023/167 
f 1344/1013/168 1420/1023/168 1425/1007/168 1345/1020/168 
f 1350/1024/169 1426/1015/169 1419/1013/169 1347/1023/169 
f 1348/1013/170 1418/1023/170 1427/1007/170 1349/1020/170 
f 1354/1013/171 1428/1023/171 1417/1024/171 1351/1015/171 
f 1352/1013/172 1416/1023/172 1429/1007/172 1353/1020/172 
f 1358/1013/173 1430/1023/173 1415/1024/173 1355/1015/173 
f 1356/1013/174 1414/1023/174 1431/1007/174 1357/1020/174 
f 1362/1013/175 1432/1023/175 1413/1024/175 1359/1015/175 
f 1360/1013/176 1412/1023/176 1433/1007/176 1361/1020/176 
f 1365/1024/177 1434/1015/177 1411/1013/177 1363/1023/177 
f 1278/1013/178 1410/1023/178 1435/1007/178 1364/1020/178 
f 1366/1013/179 1402/1023/179 1381/1007/179 1367/1020/179 
f 1368/1024/180 1382/1015/180 1403/1013/180 1369/1023/180 
f 1370/1013/181 1404/1023/181 1383/1007/181 1371/1020/181 
f 1372/1013/182 1384/1023/182 1405/1024/182 1373/1015/182 
f 1374/1013/183 1406/1023/183 1385/1007/183 1375/1020/183 
f 1376/1013/173 1386/1023/173 1407/1024/173 1377/1015/173 
f 1378/1013/184 1408/1023/184 1387/1007/184 1379/1020/184 
f 1380/1013/185 1388/1023/185 1409/1024/185 1277/1015/185 
f 1321/833/186 1436/1051/186 1437/1050/186 1319/830/186 
f 1327/839/186 1438/1049/186 1439/1048/186 1324/836/186 
f 1333/845/187 1440/1047/187 1441/1046/187 1330/842/187 
f 1274/805/186 1442/1045/186 1443/1044/186 1336/848/186 
f 1314/884/186 1444/1043/186 1445/1042/186 1271/808/186 
f 1308/878/186 1446/1041/186 1447/1040/186 1311/881/186 
f 1302/872/186 1448/1039/186 1449/1038/186 1305/875/186 
f 1296/866/186 1450/1037/186 1451/1036/186 1299/869/186 
f 1290/860/186 1452/1035/186 1453/1034/186 1293/863/186 
f 1284/854/186 1454/1033/186 1455/1032/186 1287/857/186 
f 1389/957/188 1456/1031/188 1457/1030/188 1281/851/188 
f 1281/1014/189 1457/1015/189 1390/1013/189 1282/1010/189 
f 1283/1013/190 1391/1010/190 1454/1014/190 1284/1020/190 
f 1287/1014/191 1455/1015/191 1392/1013/191 1288/1010/191 
f 1289/1013/192 1393/1010/192 1452/1014/192 1290/1020/192 
f 1293/1013/193 1453/1010/193 1394/1014/193 1294/1015/193 
f 1295/1013/194 1395/1010/194 1450/1014/194 1296/1020/194 
f 1299/1014/195 1451/1015/195 1396/1013/195 1300/1010/195 
f 1301/1013/196 1397/1010/196 1448/1014/196 1302/1020/196 
f 1305/1013/197 1449/1010/197 1398/1014/197 1306/1015/197 
f 1307/1013/94 1399/1010/94 1446/1014/94 1308/1020/94 
f 1311/1014/198 1447/1015/198 1400/1013/198 1312/1010/198 
f 1313/1013/199 1401/1010/199 1444/1014/199 1314/1020/199 
f 1271/1014/200 1445/1015/200 1279/1013/200 1272/1010/200 
f 1319/1014/201 1437/1015/201 1458/1013/201 1320/1010/201 
f 1326/1013/202 1459/1010/202 1436/1014/202 1321/1020/202 
f 1324/1014/203 1439/1015/203 1460/1013/203 1325/1010/203 
f 1332/1013/204 1461/1010/204 1438/1014/204 1327/1020/204 
f 1330/1013/205 1441/1010/205 1462/1014/205 1331/1015/205 
f 1338/1013/196 1463/1010/196 1440/1014/196 1333/1020/196 
f 1336/1014/206 1443/1015/206 1464/1013/206 1337/1010/206 
f 1273/1013/207 1280/1010/207 1442/1014/207 1274/1020/207 
f 1270/828/208 1320/829/208 1458/963/208 1269/962/208 
f 1326/834/147 1325/835/147 1460/965/147 1459/964/147 
f 1332/840/147 1331/841/147 1462/967/147 1461/966/147 
f 1338/846/147 1337/847/147 1464/969/147 1463/968/147 
f 1339/915/209 1342/916/209 1423/943/209 1465/942/209 
f 1346/920/210 1345/921/210 1425/945/210 1424/944/210 
f 1350/924/211 1349/925/211 1427/947/211 1426/946/211 
f 1354/928/212 1353/929/212 1429/949/212 1428/948/212 
f 1358/932/213 1357/933/213 1431/951/213 1430/950/213 
f 1362/936/214 1361/937/214 1433/953/214 1432/952/214 
f 1365/940/215 1364/941/215 1435/955/215 1434/954/215 
f 1466/809/34 1467/810/34 1468/805/34 1469/808/34 
f 1469/808/34 1468/805/34 1470/806/34 1471/807/34 
f 1467/810/37 1466/809/37 1472/811/37 1473/812/37 
f 1474/814/216 1471/807/216 1470/806/216 1475/813/216 
f 1476/852/34 1477/853/34 1478/854/34 1479/851/34 
f 1479/851/34 1478/854/34 1480/855/34 1481/856/34 
f 1482/858/34 1483/859/34 1484/860/34 1485/857/34 
f 1485/857/34 1484/860/34 1486/861/34 1487/862/34 
f 1488/864/34 1489/865/34 1490/866/34 1491/863/34 
f 1491/863/34 1490/866/34 1492/867/34 1493/868/34 
f 1494/870/34 1495/871/34 1496/872/34 1497/869/34 
f 1497/869/34 1496/872/34 1498/873/34 1499/874/34 
f 1500/876/34 1501/877/34 1502/878/34 1503/875/34 
f 1503/875/34 1502/878/34 1504/879/34 1505/880/34 
f 1506/882/34 1507/883/34 1508/884/34 1509/881/34 
f 1509/881/34 1508/884/34 1510/885/34 1511/886/34 
f 1512/816/34 1513/817/34 1514/818/34 1515/815/34 
f 1515/815/34 1514/818/34 1516/819/34 1517/820/34 
f 1518/822/34 1519/823/34 1520/824/34 1521/821/34 
f 1521/821/34 1520/824/34 1522/825/34 1523/826/34 
f 1524/828/34 1525/829/34 1526/830/34 1527/827/34 
f 1527/827/34 1526/830/34 1528/831/34 1529/832/34 
f 1530/834/34 1531/835/34 1532/836/34 1533/833/34 
f 1533/833/34 1532/836/34 1534/837/34 1535/838/34 
f 1536/840/34 1537/841/34 1538/842/34 1539/839/34 
f 1539/839/34 1538/842/34 1540/843/34 1541/844/34 
f 1542/846/44 1543/847/44 1544/848/44 1545/845/44 
f 1545/845/44 1544/848/44 1546/849/44 1547/850/44 
f 1548/915/37 1549/916/37 1550/917/37 1476/852/37 
f 1548/915/37 1476/852/37 1551/918/37 
f 1477/853/37 1476/852/37 1550/917/37 1552/919/37 
f 1553/920/37 1554/921/37 1555/922/37 1552/919/37 
f 1552/919/37 1555/922/37 1482/858/37 1477/853/37 
f 1483/859/37 1482/858/37 1555/922/37 1556/923/37 
f 1557/924/37 1558/925/37 1559/926/37 1556/923/37 
f 1556/923/37 1559/926/37 1488/864/37 1483/859/37 
f 1489/865/37 1488/864/37 1559/926/37 1560/927/37 
f 1561/928/37 1562/929/37 1563/930/37 1560/927/37 
f 1560/927/37 1563/930/37 1494/870/37 1489/865/37 
f 1495/871/37 1494/870/37 1563/930/37 1564/931/37 
f 1565/932/37 1566/933/37 1567/934/37 1564/931/37 
f 1564/931/37 1567/934/37 1500/876/37 1495/871/37 
f 1501/877/37 1500/876/37 1567/934/37 1568/935/37 
f 1569/936/37 1570/937/37 1571/938/37 1568/935/37 
f 1568/935/37 1571/938/37 1506/882/37 1501/877/37 
f 1507/883/37 1506/882/37 1571/938/37 1572/939/37 
f 1573/940/37 1574/941/37 1472/811/37 1572/939/37 
f 1572/939/37 1472/811/37 1466/809/37 1507/883/37 
f 1575/888/37 1517/820/37 1576/889/37 1577/1105/37 
f 1577/1105/37 1576/889/37 1578/890/37 1579/887/37 
f 1580/891/37 1576/889/37 1517/820/37 1516/819/37 
f 1516/819/37 1523/826/37 1581/892/37 1580/891/37 
f 1580/891/37 1581/892/37 1582/893/37 1583/894/37 
f 1584/895/37 1581/892/37 1523/826/37 1522/825/37 
f 1522/825/37 1529/832/37 1585/896/37 1584/895/37 
f 1584/895/37 1585/896/37 1586/897/37 1587/898/37 
f 1588/899/37 1585/896/37 1529/832/37 1528/831/37 
f 1528/831/37 1535/838/37 1589/900/37 1588/899/37 
f 1588/899/37 1589/900/37 1590/901/37 1591/902/37 
f 1592/903/37 1589/900/37 1535/838/37 1534/837/37 
f 1534/837/37 1541/844/37 1593/904/37 1592/903/37 
f 1592/903/37 1593/904/37 1594/905/37 1595/906/37 
f 1596/907/37 1593/904/37 1541/844/37 1540/843/37 
f 1540/843/37 1547/850/37 1597/908/37 1596/907/37 
f 1596/907/37 1597/908/37 1598/909/37 1599/910/37 
f 1600/911/37 1597/908/37 1547/850/37 1546/849/37 
f 1546/849/37 1467/810/37 1473/812/37 1600/911/37 
f 1600/911/37 1473/812/37 1601/912/37 1602/913/37 
f 1603/1079/217 1579/887/217 1578/890/217 1604/1078/217 
f 1605/1081/217 1583/894/217 1582/893/217 1606/1080/217 
f 1607/1083/217 1587/898/217 1586/897/217 1608/1082/217 
f 1609/1085/217 1591/902/217 1590/901/217 1610/1084/217 
f 1611/1087/217 1595/906/217 1594/905/217 1612/1086/217 
f 1613/1089/217 1599/910/217 1598/909/217 1614/1088/217 
f 1615/1091/217 1602/913/217 1601/912/217 1616/1090/217 
f 1479/851/34 1617/957/34 1551/918/34 1476/852/34 
f 1485/857/34 1478/854/34 1477/853/34 1482/858/34 
f 1491/863/34 1484/860/34 1483/859/34 1488/864/34 
f 1497/869/34 1490/866/34 1489/865/34 1494/870/34 
f 1503/875/34 1496/872/34 1495/871/34 1500/876/34 
f 1509/881/34 1502/878/34 1501/877/34 1506/882/34 
f 1469/808/34 1508/884/34 1507/883/34 1466/809/34 
f 1517/820/34 1575/888/34 1618/956/34 1515/815/34 
f 1523/826/34 1516/819/34 1514/818/34 1521/821/34 
f 1529/832/34 1522/825/34 1520/824/34 1527/827/34 
f 1535/838/34 1528/831/34 1526/830/34 1533/833/34 
f 1541/844/34 1534/837/34 1532/836/34 1539/839/34 
f 1547/850/34 1540/843/34 1538/842/34 1545/845/34 
f 1467/810/34 1546/849/34 1544/848/34 1468/805/34 
f 1619/1067/216 1481/856/216 1480/855/216 1620/1066/216 
f 1621/1069/216 1487/862/216 1486/861/216 1622/1068/216 
f 1623/1071/216 1493/868/216 1492/867/216 1624/1070/216 
f 1625/1073/216 1499/874/216 1498/873/216 1626/1072/216 
f 1627/1075/216 1505/880/216 1504/879/216 1628/1074/216 
f 1629/1077/216 1511/886/216 1510/885/216 1630/1076/216 
f 1576/889/218 1580/891/218 1631/994/218 1632/995/218 
f 1581/892/218 1584/895/218 1633/992/218 1634/993/218 
f 1585/896/218 1588/899/218 1635/990/218 1636/991/218 
f 1589/900/218 1592/903/218 1637/988/218 1638/989/218 
f 1593/904/218 1596/907/218 1639/986/218 1640/987/218 
f 1597/908/218 1600/911/218 1641/984/218 1642/985/218 
f 1473/812/218 1472/811/218 1643/982/218 1644/983/218 
f 1572/939/218 1571/938/218 1645/980/218 1646/981/218 
f 1568/935/218 1567/934/218 1647/978/218 1648/979/218 
f 1564/931/218 1563/930/218 1649/976/218 1650/977/218 
f 1560/927/218 1559/926/218 1651/974/218 1652/975/218 
f 1556/923/218 1555/922/218 1653/972/218 1654/973/218 
f 1552/919/218 1550/917/218 1655/970/218 1656/971/218 
f 1550/1008/1 1549/996/1 1657/1010/1 1655/1024/1 
f 1553/1015/39 1552/1018/39 1656/1016/39 1658/1007/39 
f 1555/1025/1 1554/996/1 1659/1010/1 1653/1014/1 
f 1557/1015/39 1556/1018/39 1654/1004/39 1660/1007/39 
f 1559/1015/1 1558/1018/1 1661/1004/1 1651/1007/1 
f 1561/1015/39 1560/1013/39 1652/1016/39 1662/1007/39 
f 1563/1001/1 1562/1060/1 1663/1004/1 1649/1007/1 
f 1565/1017/39 1564/1018/39 1650/1023/39 1664/1024/39 
f 1567/1015/1 1566/1018/1 1665/1010/1 1647/1014/1 
f 1569/1015/39 1568/1018/39 1648/1023/39 1666/1014/39 
f 1571/1020/1 1570/1060/1 1667/1004/1 1645/1007/1 
f 1573/1015/39 1572/1018/39 1646/1004/39 1668/1007/39 
f 1472/1025/1 1574/996/1 1669/1004/1 1643/1007/1 
f 1578/1015/39 1576/1018/39 1632/1010/39 1604/1014/39 
f 1580/1029/1 1583/1018/1 1605/1010/1 1631/1014/1 
f 1582/1008/39 1581/996/39 1634/1010/39 1606/1014/39 
f 1584/1025/1 1587/996/1 1607/1004/1 1633/1007/1 
f 1586/1008/40 1585/1065/40 1636/1004/40 1608/1007/40 
f 1588/1025/1 1591/996/1 1609/1004/1 1635/1007/1 
f 1590/1020/39 1589/1060/39 1638/1004/39 1610/1007/39 
f 1592/1015/1 1595/1018/1 1611/1004/1 1637/1007/1 
f 1594/1008/39 1593/996/39 1640/1016/39 1612/1007/39 
f 1596/1029/51 1599/1018/51 1613/1010/51 1639/1014/51 
f 1598/1015/39 1597/1018/39 1642/1016/39 1614/1007/39 
f 1600/1020/1 1602/1060/1 1615/1004/1 1641/1007/1 
f 1601/1015/39 1473/1018/39 1644/1004/39 1616/1007/39 
f 1515/815/219 1618/956/219 1670/1056/219 1671/1057/219 
f 1521/821/220 1514/818/220 1672/1054/220 1673/1055/220 
f 1527/827/220 1520/824/220 1674/1052/220 1675/1053/220 
f 1533/833/220 1526/830/220 1676/1050/220 1677/1051/220 
f 1539/839/220 1532/836/220 1678/1048/220 1679/1049/220 
f 1545/845/220 1538/842/220 1680/1046/220 1681/1047/220 
f 1468/805/220 1544/848/220 1682/1044/220 1683/1045/220 
f 1508/884/220 1469/808/220 1684/1042/220 1685/1043/220 
f 1502/878/220 1509/881/220 1686/1040/220 1687/1041/220 
f 1496/872/220 1503/875/220 1688/1038/220 1689/1039/220 
f 1490/866/220 1497/869/220 1690/1036/220 1691/1037/220 
f 1484/860/220 1491/863/220 1692/1034/220 1693/1035/220 
f 1478/854/220 1485/857/220 1694/1032/220 1695/1033/220 
f 1617/957/221 1479/851/221 1696/1030/221 1697/1031/221 
f 1479/1106/39 1481/1060/39 1619/1010/39 1696/1024/39 
f 1480/1004/1 1478/1007/1 1695/1015/1 1620/1018/1 
f 1485/999/39 1487/996/39 1621/1004/39 1694/1000/39 
f 1486/1004/1 1484/1007/1 1693/1015/1 1622/1018/1 
f 1491/1107/39 1493/1108/39 1623/1109/39 1692/1110/39 
f 1492/1023/52 1490/1014/52 1691/1064/52 1624/1111/52 
f 1497/1064/53 1499/1111/53 1625/1112/53 1690/1110/53 
f 1498/997/52 1496/998/52 1689/1012/52 1626/1009/52 
f 1503/1012/53 1505/1111/53 1627/997/53 1688/998/53 
f 1504/1112/52 1502/998/52 1687/1012/52 1628/1009/52 
f 1509/1012/53 1511/1009/53 1629/1010/53 1686/1014/53 
f 1510/997/1 1508/998/1 1685/1012/1 1630/1009/1 
f 1469/1008/53 1471/1006/53 1474/1023/53 1684/1014/53 
f 1512/1010/1 1515/1014/1 1671/1012/1 1698/1009/1 
f 1514/1008/38 1513/996/38 1699/1010/38 1672/1014/38 
f 1518/997/1 1521/998/1 1673/1012/1 1700/1009/1 
f 1520/1012/39 1519/1111/39 1701/1010/39 1674/1014/39 
f 1524/1010/1 1527/1024/1 1675/1113/1 1702/1009/1 
f 1526/1008/53 1525/996/53 1703/1010/53 1676/1014/53 
f 1530/1010/1 1533/1014/1 1677/1012/1 1704/1009/1 
f 1532/1012/53 1531/1111/53 1705/1023/53 1678/1014/53 
f 1536/1023/1 1539/1014/1 1679/1012/1 1706/1111/1 
f 1538/1012/53 1537/1009/53 1707/1010/53 1680/1014/53 
f 1542/1023/1 1545/1014/1 1681/1012/1 1708/1111/1 
f 1544/1012/53 1543/1009/53 1709/1010/53 1682/1014/53 
f 1470/1010/1 1468/1024/1 1683/1113/1 1475/1009/1 
f 1512/816/216 1698/958/216 1699/959/216 1513/817/216 
f 1518/822/216 1700/960/216 1701/961/216 1519/823/216 
f 1524/828/216 1702/962/216 1703/963/216 1525/829/216 
f 1530/834/216 1704/964/216 1705/965/216 1531/835/216 
f 1536/840/216 1706/966/216 1707/967/216 1537/841/216 
f 1542/846/216 1708/968/216 1709/969/216 1543/847/216 
f 1548/915/217 1710/942/217 1657/943/217 1549/916/217 
f 1553/920/217 1658/944/217 1659/945/217 1554/921/217 
f 1557/924/217 1660/946/217 1661/947/217 1558/925/217 
f 1561/928/217 1662/948/217 1663/949/217 1562/929/217 
f 1565/932/217 1664/950/217 1665/951/217 1566/933/217 
f 1569/936/217 1666/952/217 1667/953/217 1570/937/217 
f 1573/940/217 1668/954/217 1669/955/217 1574/941/217 
f 1021/1114/222 1022/1115/222 1161/1116/222 1603/1117/222 
f 836/1118/223 1711/1119/223 1712/1120/223 823/1121/223 
f 821/597/224 823/1121/224 1712/1120/224 1713/1122/224 
f 821/597/225 1713/1122/225 1714/1123/225 822/598/225 
f 827/1124/226 822/598/226 1714/1123/226 1715/1125/226 
f 1716/809/36 1717/810/36 1718/805/36 1719/808/36 
f 1719/808/36 1718/805/36 1720/806/36 1721/807/36 
f 1717/810/35 1716/809/35 1722/811/35 1723/812/35 
f 1724/814/227 1721/807/227 1720/806/227 1725/813/227 
f 1726/852/36 1727/853/36 1728/854/36 1729/851/36 
f 1729/851/36 1728/854/36 1730/855/36 1731/856/36 
f 1732/858/36 1733/859/36 1734/860/36 1735/857/36 
f 1735/857/36 1734/860/36 1736/861/36 1737/862/36 
f 1738/864/50 1739/865/50 1740/866/50 1741/863/50 
f 1741/863/50 1740/866/50 1742/867/50 1743/868/50 
f 1744/870/36 1745/871/36 1746/872/36 1747/869/36 
f 1747/869/36 1746/872/36 1748/873/36 1749/874/36 
f 1750/876/36 1751/877/36 1752/878/36 1753/875/36 
f 1753/875/36 1752/878/36 1754/879/36 1755/880/36 
f 1756/882/36 1757/883/36 1758/884/36 1759/881/36 
f 1759/881/36 1758/884/36 1760/885/36 1761/886/36 
f 1762/822/36 1763/823/36 1764/824/36 1765/821/36 
f 1765/821/36 1764/824/36 1766/825/36 1767/826/36 
f 1768/828/36 1769/829/36 1770/830/36 1771/827/36 
f 1771/827/36 1770/830/36 1772/831/36 1773/832/36 
f 1774/834/36 1775/835/36 1776/836/36 1777/833/36 
f 1777/833/36 1776/836/36 1778/837/36 1779/838/36 
f 1780/840/36 1781/841/36 1782/842/36 1783/839/36 
f 1783/839/36 1782/842/36 1784/843/36 1785/844/36 
f 1786/846/36 1787/847/36 1788/848/36 1789/845/36 
f 1789/845/36 1788/848/36 1790/849/36 1791/850/36 
f 1792/915/35 1793/916/35 1794/917/35 1726/852/35 
f 1792/915/35 1726/852/35 1795/918/35 
f 1727/853/35 1726/852/35 1794/917/35 1796/919/35 
f 1797/920/35 1798/921/35 1799/922/35 1796/919/35 
f 1796/919/35 1799/922/35 1732/858/35 1727/853/35 
f 1733/859/35 1732/858/35 1799/922/35 1800/923/35 
f 1801/924/35 1802/925/35 1803/926/35 1800/923/35 
f 1800/923/35 1803/926/35 1738/864/35 1733/859/35 
f 1739/865/35 1738/864/35 1803/926/35 1804/927/35 
f 1805/928/35 1806/929/35 1807/930/35 1804/927/35 
f 1804/927/35 1807/930/35 1744/870/35 1739/865/35 
f 1745/871/35 1744/870/35 1807/930/35 1808/931/35 
f 1809/932/35 1810/933/35 1811/934/35 1808/931/35 
f 1808/931/35 1811/934/35 1750/876/35 1745/871/35 
f 1751/877/35 1750/876/35 1811/934/35 1812/935/35 
f 1813/936/35 1814/937/35 1815/938/35 1812/935/35 
f 1812/935/35 1815/938/35 1756/882/35 1751/877/35 
f 1757/883/35 1756/882/35 1815/938/35 1816/939/35 
f 1817/940/35 1818/941/35 1722/811/35 1816/939/35 
f 1816/939/35 1722/811/35 1716/809/35 1757/883/35 
f 1713/819/228 1767/826/228 1819/892/228 1820/891/228 
f 1820/891/229 1819/892/229 1821/893/229 1714/894/229 
f 1822/895/35 1819/892/35 1767/826/35 1766/825/35 
f 1766/825/35 1773/832/35 1823/896/35 1822/895/35 
f 1822/895/35 1823/896/35 1824/897/35 1825/898/35 
f 1826/899/35 1823/896/35 1773/832/35 1772/831/35 
f 1772/831/35 1779/838/35 1827/900/35 1826/899/35 
f 1826/899/35 1827/900/35 1828/901/35 1829/902/35 
f 1830/903/35 1827/900/35 1779/838/35 1778/837/35 
f 1778/837/35 1785/844/35 1831/904/35 1830/903/35 
f 1830/903/35 1831/904/35 1832/905/35 1833/906/35 
f 1834/907/35 1831/904/35 1785/844/35 1784/843/35 
f 1784/843/35 1791/850/35 1835/908/35 1834/907/35 
f 1834/907/35 1835/908/35 1836/909/35 1837/910/35 
f 1838/911/35 1835/908/35 1791/850/35 1790/849/35 
f 1790/849/35 1717/810/35 1723/812/35 1838/911/35 
f 1838/911/35 1723/812/35 1839/912/35 1840/913/35 
f 1715/1081/230 1714/894/230 1821/893/230 1841/1080/230 
f 1842/1083/231 1825/898/231 1824/897/231 1843/1082/231 
f 1844/1085/231 1829/902/231 1828/901/231 1845/1084/231 
f 1846/1087/231 1833/906/231 1832/905/231 1847/1086/231 
f 1848/1089/231 1837/910/231 1836/909/231 1849/1088/231 
f 1850/1091/231 1840/913/231 1839/912/231 1851/1090/231 
f 1729/851/36 1852/957/36 1795/918/36 1726/852/36 
f 1735/857/36 1728/854/36 1727/853/36 1732/858/36 
f 1741/863/36 1734/860/36 1733/859/36 1738/864/36 
f 1747/869/36 1740/866/36 1739/865/36 1744/870/36 
f 1753/875/36 1746/872/36 1745/871/36 1750/876/36 
f 1759/881/36 1752/878/36 1751/877/36 1756/882/36 
f 1719/808/36 1758/884/36 1757/883/36 1716/809/36 
f 1767/826/232 1713/819/232 1712/818/232 1765/821/232 
f 1773/832/36 1766/825/36 1764/824/36 1771/827/36 
f 1779/838/36 1772/831/36 1770/830/36 1777/833/36 
f 1785/844/36 1778/837/36 1776/836/36 1783/839/36 
f 1791/850/36 1784/843/36 1782/842/36 1789/845/36 
f 1717/810/36 1790/849/36 1788/848/36 1718/805/36 
f 1853/1067/227 1731/856/227 1730/855/227 1854/1066/227 
f 1855/1069/227 1737/862/227 1736/861/227 1856/1068/227 
f 1857/1071/233 1743/868/233 1742/867/233 1858/1070/233 
f 1859/1073/227 1749/874/227 1748/873/227 1860/1072/227 
f 1861/1075/227 1755/880/227 1754/879/227 1862/1074/227 
f 1863/1077/227 1761/886/227 1760/885/227 1864/1076/227 
f 1819/892/234 1822/895/234 1865/992/234 1866/993/234 
f 1823/896/234 1826/899/234 1867/990/234 1868/991/234 
f 1827/900/234 1830/903/234 1869/988/234 1870/989/234 
f 1831/904/234 1834/907/234 1871/986/234 1872/987/234 
f 1835/908/235 1838/911/235 1873/984/235 1874/985/235 
f 1723/812/234 1722/811/234 1875/982/234 1876/983/234 
f 1816/939/234 1815/938/234 1877/980/234 1878/981/234 
f 1812/935/234 1811/934/234 1879/978/234 1880/979/234 
f 1808/931/234 1807/930/234 1881/976/234 1882/977/234 
f 1804/927/234 1803/926/234 1883/974/234 1884/975/234 
f 1800/923/234 1799/922/234 1885/972/234 1886/973/234 
f 1796/919/234 1794/917/234 1887/970/234 1888/971/234 
f 1794/1001/236 1793/1060/236 1889/1010/236 1887/1014/236 
f 1797/1020/237 1796/1060/237 1888/1004/237 1890/1005/237 
f 1799/1001/238 1798/1060/238 1891/1010/238 1885/1014/238 
f 1801/1004/239 1800/1005/239 1886/1020/239 1892/1060/239 
f 1803/1001/240 1802/1060/240 1893/1010/240 1883/1014/240 
f 1805/1004/241 1804/1005/241 1884/1020/241 1894/1060/241 
f 1807/1001/242 1806/1060/242 1895/1010/242 1881/1014/242 
f 1809/1004/243 1808/1005/243 1882/1020/243 1896/1060/243 
f 1811/1001/244 1810/1060/244 1897/1010/244 1879/1014/244 
f 1813/1004/245 1812/1005/245 1880/1020/245 1898/1060/245 
f 1815/1001/246 1814/1060/246 1899/1010/246 1877/1014/246 
f 1817/1004/247 1816/1005/247 1878/1020/247 1900/1060/247 
f 1722/1001/248 1818/1060/248 1901/1010/248 1875/1014/248 
f 1821/1004/249 1819/1005/249 1866/1020/249 1841/1060/249 
f 1822/1001/250 1825/1060/250 1842/1010/250 1865/1014/250 
f 1824/1004/251 1823/1005/251 1868/1020/251 1843/1060/251 
f 1826/1001/252 1829/1060/252 1844/1010/252 1867/1014/252 
f 1828/1004/253 1827/1005/253 1870/1020/253 1845/1060/253 
f 1830/1001/254 1833/1060/254 1846/1010/254 1869/1014/254 
f 1832/1004/255 1831/1005/255 1872/1020/255 1847/1060/255 
f 1834/1001/256 1837/1060/256 1848/1010/256 1871/1014/256 
f 1836/1004/257 1835/1005/257 1874/1020/257 1849/1060/257 
f 1838/1001/258 1840/1060/258 1850/1010/258 1873/1014/258 
f 1839/1004/259 1723/1005/259 1876/1020/259 1851/1060/259 
f 1765/821/260 1712/818/260 1711/1054/260 1902/1055/260 
f 1771/827/261 1764/824/261 1903/1052/261 1904/1053/261 
f 1777/833/261 1770/830/261 1905/1050/261 1906/1051/261 
f 1783/839/261 1776/836/261 1907/1048/261 1908/1049/261 
f 1789/845/261 1782/842/261 1909/1046/261 1910/1047/261 
f 1718/805/261 1788/848/261 1911/1044/261 1912/1045/261 
f 1758/884/261 1719/808/261 1913/1042/261 1914/1043/261 
f 1752/878/261 1759/881/261 1915/1040/261 1916/1041/261 
f 1746/872/261 1753/875/261 1917/1038/261 1918/1039/261 
f 1740/866/261 1747/869/261 1919/1036/261 1920/1037/261 
f 1734/860/261 1741/863/261 1921/1034/261 1922/1035/261 
f 1728/854/261 1735/857/261 1923/1032/261 1924/1033/261 
f 1852/957/262 1729/851/262 1925/1030/262 1926/1031/262 
f 1729/1015/193 1731/1018/193 1853/1004/193 1925/1007/193 
f 1730/1010/263 1728/1014/263 1924/1020/263 1854/1060/263 
f 1735/1004/226 1737/1007/226 1855/1015/226 1923/1018/226 
f 1736/1010/264 1734/1014/264 1922/1020/264 1856/1060/264 
f 1741/1004/265 1743/1007/265 1857/1015/265 1921/1018/265 
f 1742/1010/266 1740/1014/266 1920/1020/266 1858/1060/266 
f 1747/1004/267 1749/1007/267 1859/1015/267 1919/1018/267 
f 1748/1010/268 1746/1014/268 1918/1020/268 1860/1060/268 
f 1753/1004/269 1755/1007/269 1861/1015/269 1917/1018/269 
f 1754/1010/270 1752/1014/270 1916/1020/270 1862/1060/270 
f 1759/1004/271 1761/1007/271 1863/1015/271 1915/1018/271 
f 1760/1010/272 1758/1014/272 1914/1020/272 1864/1060/272 
f 1719/1004/273 1721/1007/273 1724/1015/273 1913/1018/273 
f 1762/1010/274 1765/1014/274 1902/1020/274 1927/1060/274 
f 1764/1004/275 1763/1007/275 1928/1015/275 1903/1018/275 
f 1768/1010/276 1771/1014/276 1904/1020/276 1929/1060/276 
f 1770/1004/277 1769/1007/277 1930/1015/277 1905/1018/277 
f 1774/1010/278 1777/1014/278 1906/1020/278 1931/1060/278 
f 1776/1004/279 1775/1007/279 1932/1015/279 1907/1018/279 
f 1780/1010/280 1783/1014/280 1908/1020/280 1933/1060/280 
f 1782/1004/281 1781/1007/281 1934/1015/281 1909/1018/281 
f 1786/1010/282 1789/1014/282 1910/1020/282 1935/1060/282 
f 1788/1004/283 1787/1007/283 1936/1015/283 1911/1018/283 
f 1720/1010/284 1718/1014/284 1912/1020/284 1725/1060/284 
f 1762/822/227 1927/960/227 1928/961/227 1763/823/227 
f 1768/828/227 1929/962/227 1930/963/227 1769/829/227 
f 1774/834/227 1931/964/227 1932/965/227 1775/835/227 
f 1780/840/227 1933/966/227 1934/967/227 1781/841/227 
f 1786/846/227 1935/968/227 1936/969/227 1787/847/227 
f 1792/915/231 1937/942/231 1889/943/231 1793/916/231 
f 1797/920/231 1890/944/231 1891/945/231 1798/921/231 
f 1801/924/231 1892/946/231 1893/947/231 1802/925/231 
f 1805/928/231 1894/948/231 1895/949/231 1806/929/231 
f 1809/932/231 1896/950/231 1897/951/231 1810/933/231 
f 1813/936/231 1898/952/231 1899/953/231 1814/937/231 
f 1817/940/231 1900/954/231 1901/955/231 1818/941/231 
f 1938/1126/285 1939/1127/285 1940/1128/285 1853/1129/285 
f 1940/1128/286 1926/1130/286 1925/1131/286 1853/1129/286 
f 1938/1126/287 1853/1129/287 1854/1132/287 1855/1133/287 
f 1854/1132/36 1924/1134/36 1923/1135/36 1855/1133/36 
f 1938/1126/287 1855/1133/287 1856/1136/287 1857/1137/287 
f 1856/1136/36 1922/1138/36 1921/1139/36 1857/1137/36 
f 1938/1126/288 1857/1137/288 1858/1140/288 1941/1141/288 
f 1858/1140/36 1920/1142/36 1919/1143/36 1859/1144/36 
f 1941/1141/289 1858/1140/289 1859/1144/289 1860/1145/289 
f 1860/1145/36 1918/1146/36 1917/1147/36 1861/1148/36 
f 1941/1141/289 1860/1145/289 1861/1148/289 1862/1149/289 
f 1862/1149/36 1916/1150/36 1915/1151/36 1863/1152/36 
f 1941/1141/289 1862/1149/289 1863/1152/289 1864/1153/289 
f 1864/1153/36 1914/1154/36 1913/1155/36 1724/1156/36 
f 1725/1157/36 1912/1158/36 1911/1159/36 1936/1160/36 
f 1724/1156/35 1725/1157/35 1936/1160/35 1935/1161/35 
f 1864/1153/36 1724/1156/36 1935/1161/36 1267/1162/36 
f 1935/1161/36 1910/1163/36 1909/1164/36 1934/1165/36 
f 1935/1161/36 1934/1165/36 1933/1166/36 1263/1167/36 
f 1933/1166/36 1908/1168/36 1907/1169/36 1932/1170/36 
f 1933/1166/36 1932/1170/36 1931/1171/36 1263/1167/36 
f 1931/1171/36 1906/1172/36 1905/1173/36 1930/1174/36 
f 1931/1171/35 1930/1174/35 1929/1175/35 1927/1176/35 
f 1929/1175/36 1904/1177/36 1903/1178/36 1928/1179/36 
f 1929/1175/35 1928/1179/35 1927/1176/35 
f 1927/1176/36 1902/1180/36 1711/1181/36 1257/1182/36 
f 836/1183/45 837/1184/45 838/1185/45 1257/1182/45 
f 838/1185/45 839/1186/45 1229/1187/45 1228/1188/45 
f 1228/1188/45 1256/1189/45 1257/1182/45 838/1185/45 
f 1711/1181/290 836/1183/290 1257/1182/290 
f 1257/1182/36 1231/1190/36 1230/1191/36 1258/1192/36 
f 1927/1176/36 1257/1182/36 1258/1192/36 1259/1193/36 
f 1931/1171/36 1927/1176/36 1259/1193/36 1261/1194/36 
f 1259/1193/36 1233/1195/36 1232/1196/36 1260/1197/36 
f 1259/1193/35 1260/1197/35 1261/1194/35 
f 1261/1194/36 1235/1198/36 1234/1199/36 1262/1200/36 
f 1261/1194/36 1262/1200/36 1263/1167/36 1931/1171/36 
f 1263/1167/36 1237/1201/36 1236/1202/36 1264/1203/36 
f 1935/1161/36 1263/1167/36 1264/1203/36 1266/1204/36 
f 1265/1205/36 1239/1206/36 1238/1207/36 1266/1204/36 
f 1264/1203/35 1265/1205/35 1266/1204/35 
f 1935/1161/36 1266/1204/36 1267/1162/36 
f 1267/1162/36 1241/1208/36 1240/1209/36 1033/1210/36 
f 1864/1153/50 1267/1162/50 1033/1210/50 958/1211/50 
f 1032/1212/50 1243/1213/50 1242/1214/50 1188/1215/50 
f 1187/1216/36 1245/1217/36 1244/1218/36 1186/1219/36 
f 1185/1220/36 1247/1221/36 1246/1222/36 1184/1223/36 
f 1183/1224/36 1249/1225/36 1248/1226/36 1182/1227/36 
f 1181/1228/36 1251/1229/36 1250/1230/36 1180/1231/36 
f 1179/1232/36 1253/1233/36 1252/1234/36 1178/1235/36 
f 1177/1236/291 1255/1237/291 1254/1238/291 1942/1239/291 
f 1178/1235/292 1177/1236/292 1942/1239/292 1179/1232/292 
f 1180/1231/292 1179/1232/292 1942/1239/292 1181/1228/292 
f 1182/1227/292 1181/1228/292 1942/1239/292 1183/1224/292 
f 1184/1223/292 1183/1224/292 1942/1239/292 1185/1220/292 
f 1186/1219/292 1185/1220/292 1942/1239/292 1187/1216/292 
f 1188/1215/292 1187/1216/292 1942/1239/292 1032/1212/292 
f 1033/1210/293 1032/1212/293 1942/1239/293 1943/1240/293 
f 1942/1239/49 1944/1241/49 1943/1240/49 
f 1033/1210/49 1943/1240/49 1945/1242/49 948/1243/49 
f 1945/1242/49 1946/1244/49 948/1243/49 
f 949/1245/45 934/1246/45 935/1247/45 956/1248/45 
f 948/1243/45 949/1245/45 956/1248/45 1033/1210/45 
f 956/1248/49 957/1249/49 958/1211/49 1033/1210/49 
f 1941/1141/50 1864/1153/50 958/1211/50 950/1250/50 
f 959/1251/36 943/1252/36 942/1253/36 950/1250/36 
f 958/1211/294 959/1251/294 950/1250/294 
f 1941/1141/50 950/1250/50 951/1254/50 1947/1255/50 
f 948/1243/36 1946/1244/36 1947/1255/36 951/1254/36 
f 1423/1256/35 1422/1257/35 1421/1258/35 1424/1259/35 
f 1425/1260/35 1420/1261/35 1419/1262/35 1426/1263/35 
f 1427/1264/35 1418/1265/35 1417/1266/35 1428/1267/35 
f 1429/1268/35 1416/1269/35 1415/1270/35 1430/1271/35 
f 1431/1272/35 1414/1273/35 1413/1274/35 1432/1275/35 
f 1433/1276/35 1412/1277/35 1411/1278/35 1434/1279/35 
f 1435/1280/35 1410/1281/35 1409/1282/35 1388/1283/35 
f 1387/1284/35 1408/1285/35 1407/1286/35 1386/1287/35 
f 1385/1288/35 1406/1289/35 1405/1290/35 1384/1291/35 
f 1383/1292/35 1404/1293/35 1403/1294/35 1382/1295/35 
f 1384/1291/43 1383/1292/43 1382/1295/43 1843/1296/43 
f 1381/1297/295 1402/1298/295 835/1299/295 832/1300/295 
f 832/1300/296 831/1301/296 830/1302/296 1381/1297/296 
f 830/1302/297 829/1303/297 828/1304/297 1715/1305/297 
f 828/1304/298 827/1306/298 1715/1305/298 
f 1381/1297/299 830/1302/299 1715/1305/299 1841/1307/299 
f 1841/1307/41 1866/1308/41 1865/1309/41 1842/1310/41 
f 1381/1297/118 1841/1307/118 1842/1310/118 1382/1295/118 
f 1382/1295/118 1842/1310/118 1843/1296/118 
f 1843/1296/41 1868/1311/41 1867/1312/41 1844/1313/41 
f 1843/1296/118 1844/1313/118 1845/1314/118 1384/1291/118 
f 1845/1314/41 1870/1315/41 1869/1316/41 1846/1317/41 
f 1384/1291/118 1845/1314/118 1846/1317/118 1847/1318/118 
f 1847/1318/41 1872/1319/41 1871/1320/41 1848/1321/41 
f 1384/1291/118 1847/1318/118 1848/1321/118 1849/1322/118 
f 1385/1288/43 1384/1291/43 1849/1322/43 1386/1287/43 
f 1387/1284/43 1386/1287/43 1849/1322/43 1388/1283/43 
f 1435/1280/43 1388/1283/43 1849/1322/43 1434/1279/43 
f 1433/1276/118 1434/1279/118 1849/1322/118 1850/1323/118 
f 1849/1322/41 1874/1324/41 1873/1325/41 1850/1323/41 
f 1433/1276/300 1850/1323/300 1851/1326/300 926/1327/300 
f 1851/1326/41 1876/1328/41 1875/1329/41 1901/1330/41 
f 1900/1331/41 1878/1332/41 1877/1333/41 1899/1334/41 
f 1898/1335/41 1880/1336/41 1879/1337/41 1897/1338/41 
f 1896/1339/41 1882/1340/41 1881/1341/41 1895/1342/41 
f 1894/1343/41 1884/1344/41 1883/1345/41 1893/1346/41 
f 1892/1347/41 1886/1348/41 1885/1349/41 1891/1350/41 
f 1890/1351/41 1888/1352/41 1887/1353/41 1889/1354/41 
f 1889/1354/301 1937/1355/301 1948/1356/301 1949/1357/301 
f 1890/1351/301 1889/1354/301 1949/1357/301 1891/1350/301 
f 1892/1347/301 1891/1350/301 1949/1357/301 1893/1346/301 
f 1894/1343/301 1893/1346/301 1949/1357/301 1895/1342/301 
f 1896/1339/301 1895/1342/301 1949/1357/301 1897/1338/301 
f 1898/1335/301 1897/1338/301 1949/1357/301 1899/1334/301 
f 1900/1331/301 1899/1334/301 1949/1357/301 1901/1330/301 
f 1851/1326/298 1901/1330/298 1949/1357/298 926/1327/298 
f 1950/1358/302 1951/1359/302 919/1360/302 918/1361/302 
f 1949/1357/302 1950/1358/302 918/1361/302 927/1362/302 
f 918/1361/43 910/1363/43 911/1364/43 927/1362/43 
f 1949/1357/298 927/1362/298 926/1327/298 
f 1432/1275/303 1433/1276/303 926/1327/303 925/1365/303 
f 1431/1272/304 1432/1275/304 925/1365/304 1430/1271/304 
f 1429/1268/304 1430/1271/304 925/1365/304 1428/1267/304 
f 1427/1264/305 1428/1267/305 925/1365/305 1952/1366/305 
f 924/1367/35 903/1368/35 902/1369/35 917/1370/35 
f 917/1370/79 916/1371/79 1953/1372/79 1954/1373/79 
f 924/1367/306 917/1370/306 1954/1373/306 925/1365/306 
f 925/1365/306 1954/1373/306 1952/1366/306 
f 1426/1263/307 1427/1264/307 1952/1366/307 1425/1260/307 
f 1424/1259/307 1425/1260/307 1952/1366/307 1423/1256/307 
f 1465/1374/308 1423/1256/308 1952/1366/308 1955/1375/308 
f 919/1360/309 1951/1359/309 1953/1372/309 916/1371/309 
f 1956/1376/63 1697/1377/63 1696/1257/63 1619/1378/63 
f 1957/1379/140 1956/1376/140 1619/1378/140 1620/1380/140 
f 1620/1380/34 1695/1381/34 1694/1382/34 1621/1383/34 
f 1957/1379/231 1620/1380/231 1621/1383/231 1622/1384/231 
f 1622/1384/34 1693/1385/34 1692/1386/34 1623/1387/34 
f 1957/1379/310 1622/1384/310 1623/1387/310 989/1388/310 
f 1624/1389/34 1691/1390/34 1690/1391/34 1625/1392/34 
f 1626/1393/34 1689/1394/34 1688/1395/34 1627/1396/34 
f 1628/1397/34 1687/1398/34 1686/1399/34 1629/1400/34 
f 1630/1401/34 1685/1402/34 1684/1403/34 1474/1404/34 
f 1475/1405/34 1683/1406/34 1682/1407/34 1709/1408/34 
f 1708/1409/34 1681/1410/34 1680/1411/34 1707/1412/34 
f 1706/1413/34 1679/1414/34 1678/1415/34 1705/1416/34 
f 1704/1417/34 1677/1418/34 1676/1419/34 1703/1420/34 
f 1702/1421/34 1675/1422/34 1674/1423/34 1701/1424/34 
f 1700/1425/34 1673/1426/34 1672/1427/34 1699/1428/34 
f 1698/1429/46 1671/1430/46 1670/1431/46 782/1432/46 
f 1699/1428/311 1698/1429/311 782/1432/311 1700/1425/311 
f 1701/1424/311 1700/1425/311 782/1432/311 1702/1421/311 
f 1703/1420/311 1702/1421/311 782/1432/311 1704/1417/311 
f 1705/1416/311 1704/1417/311 782/1432/311 1706/1413/311 
f 1707/1412/311 1706/1413/311 782/1432/311 1708/1409/311 
f 1709/1408/311 1708/1409/311 782/1432/311 1475/1405/311 
f 1474/1404/311 1475/1405/311 782/1432/311 1630/1401/311 
f 1630/1401/140 782/1432/140 781/1433/140 857/1434/140 
f 784/1435/312 783/1436/312 854/1437/312 858/1438/312 
f 854/1437/313 855/1439/313 858/1438/313 
f 781/1433/63 784/1435/63 858/1438/63 857/1434/63 
f 862/1440/63 847/1441/63 846/1442/63 1269/1443/63 
f 863/1444/314 862/1440/314 1269/1443/314 1458/1445/314 
f 1458/1445/34 1437/1446/34 1436/1447/34 1459/1448/34 
f 863/1444/315 1458/1445/315 1459/1448/315 1460/1449/315 
f 1460/1449/34 1439/1450/34 1438/1451/34 1461/1452/34 
f 863/1444/315 1460/1449/315 1461/1452/315 1462/1453/315 
f 1462/1453/34 1441/1454/34 1440/1455/34 1463/1456/34 
f 863/1444/315 1462/1453/315 1463/1456/315 1464/1457/315 
f 857/1434/316 863/1444/316 1464/1457/316 1280/1458/316 
f 1464/1457/34 1443/1459/34 1442/1460/34 1280/1458/34 
f 857/1434/317 1280/1458/317 1279/1461/317 1401/1462/317 
f 1279/1461/34 1445/1463/34 1444/1464/34 1401/1462/34 
f 857/1434/318 1401/1462/318 1400/1465/318 1958/1466/318 
f 1400/1465/34 1447/1467/34 1446/1468/34 1399/1469/34 
f 1398/1470/34 1449/1471/34 1448/1472/34 1397/1473/34 
f 1396/1474/34 1451/1475/34 1450/1476/34 1395/1477/34 
f 1394/1478/34 1453/1479/34 1452/1480/34 1393/1481/34 
f 1392/1482/34 1455/1483/34 1454/1484/34 1391/1485/34 
f 1390/1486/44 1457/1487/44 1456/1488/44 1959/1489/44 
f 1391/1485/315 1390/1486/315 1959/1489/315 1392/1482/315 
f 1393/1481/315 1392/1482/315 1959/1489/315 1394/1478/315 
f 1395/1477/315 1394/1478/315 1959/1489/315 1396/1474/315 
f 1397/1473/315 1396/1474/315 1959/1489/315 1398/1470/315 
f 1399/1469/315 1398/1470/315 1959/1489/315 1400/1465/315 
f 1400/1465/319 1959/1489/319 1958/1466/319 
f 1960/1490/34 1961/1491/34 983/1492/34 982/1361/34 
f 1958/1466/34 1960/1490/34 982/1361/34 991/1362/34 
f 982/1361/34 974/1363/34 975/1493/34 991/1362/34 
f 1958/1466/320 991/1362/320 990/1494/320 857/1434/320 
f 1630/1401/320 857/1434/320 990/1494/320 1629/1400/320 
f 1628/1397/321 1629/1400/321 990/1494/321 989/1388/321 
f 1627/1396/322 1628/1397/322 989/1388/322 1626/1393/322 
f 1625/1392/322 1626/1393/322 989/1388/322 1624/1389/322 
f 1623/1387/322 1624/1389/322 989/1388/322 
f 1957/1379/46 989/1388/46 988/1367/46 981/1370/46 
f 988/1367/34 967/1495/34 966/1369/34 981/1370/34 
f 1962/1496/46 1957/1379/46 981/1370/46 980/1497/46 
f 1962/1496/46 980/1497/46 1963/1498/46 
f 983/1492/34 1961/1491/34 1963/1498/34 980/1497/34 
f 1964/1499/323 1965/1376/323 1268/1500/323 1215/1256/323 
f 1215/1256/37 1214/1501/37 1213/1502/37 1216/1259/37 
f 1964/1499/324 1215/1256/324 1216/1259/324 1217/1260/324 
f 1217/1260/37 1212/1503/37 1211/1504/37 1218/1505/37 
f 1964/1499/324 1217/1260/324 1218/1505/324 1219/1506/324 
f 1219/1506/37 1210/1507/37 1209/1508/37 1220/1509/37 
f 1221/1510/37 1208/1511/37 1207/1512/37 1222/1513/37 
f 1223/1514/37 1206/1515/37 1205/1516/37 1224/1517/37 
f 1225/1518/37 1204/1519/37 1203/1520/37 1226/1521/37 
f 1227/1522/37 1202/1523/37 1201/1524/37 1174/1525/37 
f 1173/1526/37 1200/1527/37 1199/1528/37 1172/1529/37 
f 1171/1530/37 1198/1531/37 1197/1532/37 1170/1533/37 
f 1169/1534/37 1196/1535/37 1195/1536/37 1168/1537/37 
f 1167/1538/37 1194/1539/37 1193/1540/37 1166/1541/37 
f 1165/1542/37 1192/1543/37 1191/1544/37 1164/1545/37 
f 1163/1546/37 1190/1547/37 1189/1548/37 1162/1549/37 
f 1162/1549/325 1161/1116/325 1022/1115/325 1023/1550/325 
f 1163/1546/81 1162/1549/81 1023/1550/81 1164/1545/81 
f 1165/1542/81 1164/1545/81 1023/1550/81 1166/1541/81 
f 1167/1538/81 1166/1541/81 1023/1550/81 1168/1537/81 
f 1169/1534/81 1168/1537/81 1023/1550/81 1170/1533/81 
f 1171/1530/81 1170/1533/81 1023/1550/81 1172/1529/81 
f 1173/1526/81 1172/1529/81 1023/1550/81 1174/1525/81 
f 1227/1522/325 1174/1525/325 1023/1550/325 1014/1551/325 
f 1023/1550/48 1007/1552/48 1006/1553/48 1014/1551/48 
f 1227/1522/326 1014/1551/326 1015/1554/326 893/1555/326 
f 1013/1556/47 998/1557/47 999/1558/47 1020/1559/47 
f 1020/1559/327 1021/1114/327 1603/1117/327 1604/1560/327 
f 1013/1556/328 1020/1559/328 1604/1560/328 1012/1561/328 
f 1604/1560/42 1632/1562/42 1631/1563/42 1605/1564/42 
f 1012/1561/327 1604/1560/327 1605/1564/327 1606/1565/327 
f 1606/1565/42 1634/1566/42 1633/1567/42 1607/1568/42 
f 1012/1561/327 1606/1565/327 1607/1568/327 1608/1569/327 
f 1608/1569/42 1636/1570/42 1635/1571/42 1609/1572/42 
f 1012/1561/327 1608/1569/327 1609/1572/327 1610/1573/327 
f 1610/1573/47 1638/1574/47 1637/1575/47 1611/1576/47 
f 1012/1561/327 1610/1573/327 1611/1576/327 1612/1318/327 
f 1612/1318/42 1640/1319/42 1639/1577/42 1613/1578/42 
f 1012/1561/327 1612/1318/327 1613/1578/327 1614/1579/327 
f 1614/1579/47 1642/1580/47 1641/1325/47 1615/1323/47 
f 1012/1561/329 1614/1579/329 1615/1323/329 1015/1554/329 
f 1616/1326/42 1644/1328/42 1643/1329/42 1669/1330/42 
f 1668/1331/42 1646/1332/42 1645/1333/42 1667/1334/42 
f 1666/1335/42 1648/1336/42 1647/1337/42 1665/1338/42 
f 1664/1581/42 1650/1582/42 1649/1583/42 1663/1584/42 
f 1662/1343/42 1652/1344/42 1651/1345/42 1661/1346/42 
f 1660/1585/42 1654/1586/42 1653/1587/42 1659/1588/42 
f 1658/1589/42 1656/1590/42 1655/1591/42 1657/1592/42 
f 1657/1592/330 1710/1593/330 1966/1489/330 1967/1466/330 
f 1658/1589/331 1657/1592/331 1967/1466/331 1659/1588/331 
f 1660/1585/331 1659/1588/331 1967/1466/331 1661/1346/331 
f 1662/1343/331 1661/1346/331 1967/1466/331 1663/1584/331 
f 1664/1581/331 1663/1584/331 1967/1466/331 1665/1338/331 
f 1666/1335/331 1665/1338/331 1967/1466/331 1667/1334/331 
f 1668/1331/331 1667/1334/331 1967/1466/331 1669/1330/331 
f 1616/1326/331 1669/1330/331 1967/1466/331 1615/1323/331 
f 1015/1554/332 1615/1323/332 1967/1466/332 893/1555/332 
f 1968/1490/333 1969/1491/333 884/1492/333 885/1594/333 
f 1967/1466/332 1968/1490/332 885/1594/332 892/1595/332 
f 885/1594/37 870/1596/37 871/1493/37 892/1595/37 
f 1967/1466/333 892/1595/333 893/1555/333 
f 1226/1521/334 1227/1522/334 893/1555/334 1225/1518/334 
f 1224/1517/335 1225/1518/335 893/1555/335 894/1597/335 
f 1223/1514/81 1224/1517/81 894/1597/81 1222/1513/81 
f 1221/1510/81 1222/1513/81 894/1597/81 1220/1509/81 
f 1219/1506/336 1220/1509/336 894/1597/336 1964/1499/336 
f 1964/1499/334 894/1597/334 895/1598/334 886/1599/334 
f 895/1598/37 879/1495/37 878/1600/37 886/1599/37 
f 1970/1496/334 1964/1499/334 886/1599/334 887/1497/334 
f 1970/1496/326 887/1497/326 1971/1601/326 
f 1972/1602/36 1973/1603/36 1974/1604/36 1975/1605/36 
f 1941/1606/1 1976/1607/1 1977/1608/1 1938/1609/1 
f 1978/1610/36 1979/1611/36 1980/1612/36 1981/1613/36 
f 1982/1614/337 1975/1615/337 1947/1616/337 1983/1617/337 
f 1947/1616/42 1981/1613/42 1980/1612/42 1983/1617/42 
f 1984/1618/1 1972/1602/1 1975/1605/1 1982/1619/1 
f 1978/1610/338 1939/1620/338 1972/1621/338 1984/1622/338 
f 1978/1610/41 1984/1622/41 1985/1623/41 1979/1611/41 
f 1976/1607/36 1986/1624/36 1987/1625/36 1977/1608/36 
f 1979/1611/1 1985/1623/1 1983/1626/1 1980/1627/1 
f 1986/1628/339 1983/1617/339 1985/1629/339 1987/1630/339 
f 1987/1631/41 1985/1623/41 1984/1622/41 1973/1632/41 
f 1973/1603/340 1984/1633/340 1982/1634/340 1974/1604/340 
f 1975/1615/81 1976/1635/81 1941/1636/81 1947/1616/81 
f 1974/1637/42 1982/1614/42 1983/1617/42 1986/1628/42 
f 1939/1620/41 1938/1609/41 1977/1608/41 1987/1631/41 
f 1939/1620/220 1987/1631/220 1973/1632/220 1972/1621/220 
f 1988/1605/36 1989/1602/36 1990/1638/36 1991/1639/36 
f 1945/1640/1 1943/1641/1 1992/1642/1 1993/1643/1 
f 1994/1613/36 1995/1610/36 1996/1611/36 1997/1612/36 
f 1996/1611/43 1995/1610/43 1946/1644/43 1998/1623/43 
f 1999/1645/300 1998/1623/300 1946/1644/300 1989/1646/300 
f 2000/1619/1 1999/1618/1 1989/1602/1 1988/1605/1 
f 1994/1613/37 1997/1612/37 2001/1617/37 2000/1614/37 
f 1994/1613/341 2000/1614/341 1988/1647/341 1944/1648/341 
f 1993/1643/36 1992/1642/36 2002/1649/36 2003/1650/36 
f 1997/1627/1 1996/1611/1 1998/1623/1 2001/1626/1 
f 2003/1651/339 2002/1652/339 2001/1617/339 1998/1629/339 
f 2002/1652/37 1991/1653/37 2000/1614/37 2001/1617/37 
f 1991/1639/340 1990/1638/340 1999/1633/340 2000/1634/340 
f 1989/1646/298 1946/1644/298 1945/1640/298 1993/1643/298 
f 1990/1654/35 2003/1655/35 1998/1623/35 1999/1645/35 
f 1992/1656/48 1943/1657/48 1944/1648/48 2002/1652/48 
f 1991/1653/327 2002/1652/327 1944/1648/327 1988/1647/327 
f 2004/1602/37 2005/1603/37 2006/1604/37 2007/1605/37 
f 1970/1658/342 2008/1659/342 2009/1660/342 1964/1661/342 
f 2010/1662/37 2011/1663/37 2012/1664/37 2013/1665/37 
f 2014/1666/343 2007/1667/343 1971/1668/343 2015/1669/343 
f 1971/1668/317 2013/1665/317 2012/1664/317 2015/1669/317 
f 2016/1618/1 2004/1602/1 2007/1605/1 2014/1619/1 
f 2010/1662/344 1965/1670/344 2004/1671/344 2016/1672/344 
f 2010/1662/36 2016/1672/36 2017/1673/36 2011/1663/36 
f 2008/1659/37 2018/1674/37 2019/1675/37 2009/1660/37 
f 2011/1663/1 2017/1673/1 2015/1676/1 2012/1677/1 
f 2018/1678/345 2015/1669/345 2017/1679/345 2019/1680/345 
f 2019/1681/36 2017/1673/36 2016/1672/36 2005/1682/36 
f 2005/1603/346 2016/1633/346 2014/1634/346 2006/1604/346 
f 2007/1667/319 2008/1683/319 1970/1684/319 1971/1668/319 
f 2006/1685/34 2014/1666/34 2015/1669/34 2018/1678/34 
f 1965/1670/49 1964/1661/49 2009/1660/49 2019/1681/49 
f 1965/1670/347 2019/1681/347 2005/1682/347 2004/1671/347 
f 2020/1605/37 2021/1602/37 2022/1603/37 2023/1604/37 
f 1968/1609/348 1967/1606/348 2024/1607/348 2025/1608/348 
f 2026/1613/37 2027/1610/37 2028/1686/37 2029/1687/37 
f 2028/1686/289 2027/1610/289 1969/1688/289 2030/1689/289 
f 2031/1690/349 2030/1689/349 1969/1688/349 2021/1691/349 
f 2032/1619/1 2031/1618/1 2021/1602/1 2020/1605/1 
f 2026/1613/34 2029/1687/34 2033/1692/34 2032/1693/34 
f 2026/1613/350 2032/1693/350 2020/1694/350 1966/1695/350 
f 2025/1608/48 2024/1607/48 2034/1624/48 2035/1625/48 
f 2029/1696/1 2028/1686/1 2030/1689/1 2033/1697/1 
f 2035/1630/345 2034/1628/345 2033/1692/345 2030/1698/345 
f 2034/1628/34 2023/1637/34 2032/1693/34 2033/1692/34 
f 2023/1604/346 2022/1603/346 2031/1633/346 2032/1634/346 
f 2021/1691/351 1969/1688/351 1968/1609/351 2025/1608/351 
f 2022/1632/36 2035/1631/36 2030/1689/36 2031/1690/36 
f 2024/1635/352 1967/1636/352 1966/1695/352 2034/1628/352 
f 2023/1637/231 2034/1628/231 1966/1695/231 2020/1694/231 
f 2036/1602/34 2037/1603/34 2038/1604/34 2039/1605/34 
f 1962/1641/54 2040/1642/54 2041/1643/54 1957/1640/54 
f 2042/1699/34 2043/1700/34 2044/1701/34 2045/1702/34 
f 2046/1703/353 2039/1704/353 1963/1705/353 2047/1706/353 
f 1963/1705/35 2045/1702/35 2044/1701/35 2047/1706/35 
f 2048/1618/1 2036/1602/1 2039/1605/1 2046/1619/1 
f 2042/1699/354 1956/1707/354 2036/1708/354 2048/1709/354 
f 2042/1699/37 2048/1709/37 2049/1710/37 2043/1700/37 
f 2040/1642/46 2050/1649/46 2051/1650/46 2041/1643/46 
f 2043/1700/1 2049/1710/1 2047/1711/1 2044/1712/1 
f 2050/1713/355 2047/1706/355 2049/1714/355 2051/1715/355 
f 2051/1716/37 2049/1710/37 2048/1709/37 2037/1654/37 
f 2037/1603/356 2048/1633/356 2046/1634/356 2038/1604/356 
f 2039/1704/306 2040/1717/306 1962/1718/306 1963/1705/306 
f 2038/1719/43 2046/1703/43 2047/1706/43 2050/1713/43 
f 1956/1707/48 1957/1640/48 2041/1643/48 2051/1716/48 
f 1956/1707/325 2051/1716/325 2037/1654/325 2036/1708/325 
f 2052/1720/44 2053/1721/44 2054/1722/44 2055/1723/44 
f 1960/1724/51 1958/1725/51 2056/1726/51 2057/1660/51 
f 2058/1702/34 2059/1699/34 2060/1700/34 2061/1701/34 
f 2060/1700/37 2059/1699/37 1961/1688/37 2062/1689/37 
f 2063/1709/357 2062/1689/357 1961/1688/357 2053/1691/357 
f 2064/1619/1 2063/1618/1 2053/1721/1 2052/1720/1 
f 2058/1702/35 2061/1701/35 2065/1706/35 2064/1703/35 
f 2058/1702/309 2064/1703/309 2052/1727/309 1959/1728/309 
f 2057/1660/34 2056/1726/34 2066/1729/34 2067/1675/34 
f 2061/1730/1 2060/1700/1 2062/1689/1 2065/1676/1 
f 2067/1715/358 2066/1731/358 2065/1706/358 2062/1714/358 
f 2066/1731/35 2055/1732/35 2064/1703/35 2065/1706/35 
f 2055/1723/359 2054/1722/359 2063/1633/359 2064/1634/359 
f 2053/1691/332 1961/1688/332 1960/1724/332 2057/1660/332 
f 2054/1682/42 2067/1733/42 2062/1689/42 2063/1709/42 
f 2056/1734/41 1958/1735/41 1959/1728/41 2066/1731/41 
f 2055/1732/302 2066/1731/302 1959/1728/302 2052/1727/302 
f 2068/1602/35 2069/1603/35 2070/1604/35 2071/1605/35 
f 1954/1736/96 2072/1737/96 2073/1738/96 1952/1739/96 
f 2074/1740/35 2075/1741/35 2076/1742/35 2077/1743/35 
f 2078/1744/75 2071/1745/75 1953/1746/75 2079/1747/75 
f 1953/1746/45 2077/1743/45 2076/1742/45 2079/1747/45 
f 2080/1748/1 2068/1602/1 2071/1605/1 2078/1749/1 
f 2074/1740/360 1955/1750/360 2068/1751/360 2080/1752/360 
f 2074/1740/46 2080/1752/46 2081/1753/46 2075/1741/46 
f 2072/1737/35 2082/1754/35 2083/1755/35 2073/1738/35 
f 2075/1741/1 2081/1753/1 2079/1756/1 2076/1757/1 
f 2082/1758/361 2079/1747/361 2081/1759/361 2083/1760/361 
f 2083/1761/46 2081/1753/46 2080/1752/46 2069/1762/46 
f 2069/1603/362 2080/1633/362 2078/1634/362 2070/1604/362 
f 2071/1745/363 2072/1763/363 1954/1764/363 1953/1746/363 
f 2070/1765/36 2078/1744/36 2079/1747/36 2082/1758/36 
f 1955/1750/318 1952/1739/318 2073/1738/318 2083/1761/318 
f 1955/1750/315 2083/1761/315 2069/1762/315 2068/1751/315 
f 2084/1766/41 2085/1767/41 2086/1638/41 2087/1639/41 
f 1950/1768/364 1949/1769/364 2088/1770/364 2089/1771/364 
f 2090/1772/35 2091/1773/35 2092/1774/35 2093/1775/35 
f 2092/1774/44 2091/1773/44 1951/1776/44 2094/1777/44 
f 2095/1752/365 2094/1777/365 1951/1776/365 2085/1778/365 
f 2096/1779/1 2095/1618/1 2085/1767/1 2084/1766/1 
f 2090/1772/36 2093/1775/36 2097/1780/36 2096/1781/36 
f 2090/1772/366 2096/1781/366 2084/1647/366 1948/1648/366 
f 2089/1771/35 2088/1770/35 2098/1754/35 2099/1782/35 
f 2093/1783/1 2092/1774/1 2094/1777/1 2097/1784/1 
f 2099/1651/361 2098/1652/361 2097/1780/361 2094/1785/361 
f 2098/1652/49 2087/1653/49 2096/1781/49 2097/1780/49 
f 2087/1639/362 2086/1638/362 2095/1633/362 2096/1786/362 
f 2085/1778/367 1951/1776/367 1950/1768/367 2089/1771/367 
f 2086/1787/34 2099/1788/34 2094/1777/34 2095/1752/34 
f 2088/1656/368 1949/1657/368 1948/1648/368 2098/1652/368 
f 2087/1653/368 2098/1652/368 1948/1648/368 2084/1647/368 
f 884/1492/341 1969/1491/341 1971/1601/341 887/1497/341 
f 16/1789/369 15/1790/369 2100/1791/369 2101/1792/369 
f 222/1793/370 16/1789/370 2101/1792/370 
f 20/1794/371 19/1795/371 2102/1796/371 2103/1797/371 
f 24/1798/372 23/1799/372 2104/1800/372 2105/1801/372 
f 28/1802/373 27/1803/373 2106/1804/373 2107/1805/373 
f 31/1806/374 28/1802/374 2107/1805/374 
f 27/1803/375 221/1807/375 2106/1804/375 
f 94/1808/376 31/1809/376 2107/1805/376 2102/1796/376 
f 19/1795/377 94/1810/377 2102/1796/377 
f 158/1811/378 95/1812/378 2103/1797/378 2100/1791/378 
f 95/1813/379 20/1794/379 2103/1797/379 
f 15/1790/380 158/1814/380 2100/1791/380 
f 221/1815/381 159/1816/381 2105/1801/381 2106/1804/381 
f 159/1817/382 24/1798/382 2105/1801/382 
f 284/1818/383 222/1819/383 2101/1792/383 2104/1800/383 
f 23/1799/384 284/1820/384 2104/1800/384 
f 2100/1791/385 2108/1821/385 2109/1822/385 2101/1792/385 
f 2102/1796/386 2110/1823/386 2111/1824/386 2103/1797/386 
f 2104/1800/387 2112/1825/387 2113/1826/387 2105/1801/387 
f 2106/1804/388 2114/1827/388 2115/1828/388 2107/1805/388 
f 2107/1805/389 2115/1828/389 2110/1823/389 2102/1796/389 
f 2103/1797/390 2111/1824/390 2108/1821/390 2100/1791/390 
f 2105/1801/391 2113/1826/391 2114/1827/391 2106/1804/391 
f 2101/1792/392 2109/1822/392 2112/1825/392 2104/1800/392 
f 2114/1827/39 2113/1826/39 2116/1829/39 2117/1830/39 
f 2113/1826/39 2112/1825/39 2118/1831/39 2116/1829/39 
f 2112/1825/39 2109/1822/39 2119/1832/39 2118/1831/39 
f 2109/1822/39 2108/1821/39 2120/1833/39 2119/1832/39 
f 2108/1821/39 2111/1824/39 2121/1834/39 2120/1833/39 
f 2111/1824/39 2110/1823/39 2122/1835/39 2121/1834/39 
f 2110/1823/39 2115/1828/39 2123/1836/39 2122/1835/39 
f 2115/1828/39 2114/1827/39 2117/1830/39 2123/1836/39 
f 2124/1837/393 2125/1838/393 2126/1839/393 
f 2124/1837/394 2126/1839/394 2127/1840/394 
f 2124/1837/395 2127/1840/395 2128/1841/395 
f 2124/1837/396 2128/1841/396 2129/1842/396 
f 2124/1837/397 2129/1842/397 2130/1843/397 
f 2124/1837/398 2130/1843/398 2131/1844/398 
f 2124/1837/399 2131/1844/399 2132/1845/399 
f 2124/1837/400 2132/1845/400 2125/1838/400 
f 2133/1846/401 2126/1839/401 2125/1838/401 2134/1847/401 
f 2135/1848/402 2127/1840/402 2126/1839/402 2133/1849/402 
f 2136/1850/403 2128/1841/403 2127/1840/403 2135/1851/403 
f 2137/1852/404 2129/1842/404 2128/1841/404 2136/1853/404 
f 2138/1854/405 2130/1843/405 2129/1842/405 2137/1855/405 
f 2139/1856/406 2131/1844/406 2130/1843/406 2138/1857/406 
f 2140/1858/407 2132/1845/407 2131/1844/407 2139/1859/407 
f 2134/1860/408 2125/1838/408 2132/1845/408 2140/1861/408 
f 2141/1862/409 2133/1846/409 2134/1847/409 2142/1863/409 
f 2143/1864/410 2135/1848/410 2133/1849/410 2141/1865/410 
f 2144/1866/411 2136/1850/411 2135/1851/411 2143/1867/411 
f 2145/1868/412 2137/1852/412 2136/1853/412 2144/1869/412 
f 2146/1870/413 2138/1854/413 2137/1855/413 2145/1871/413 
f 2147/1872/414 2139/1856/414 2138/1857/414 2146/1873/414 
f 2148/1874/415 2140/1858/415 2139/1859/415 2147/1875/415 
f 2142/1876/416 2134/1860/416 2140/1861/416 2148/1877/416 
f 2119/1878/417 2120/1879/417 2144/1880/417 2143/1881/417 
f 2120/1879/44 2121/1882/44 2145/1883/44 2144/1880/44 
f 2121/1882/418 2122/1884/418 2146/1885/418 2145/1883/418 
f 2122/1884/118 2123/1886/118 2147/1887/118 2146/1885/118 
f 2123/1886/419 2117/1888/419 2148/1889/419 2147/1887/419 
f 2117/1890/50 2116/1891/50 2142/1892/50 2148/1893/50 
f 2116/1891/420 2118/1894/420 2141/1895/420 2142/1892/420 
f 2118/1894/48 2119/1878/48 2143/1881/48 2141/1895/48 
f 303/322/421 734/1896/421 771/1897/421 769/1898/421 
f 303/322/422 769/1898/422 767/1899/422 759/1900/422 
f 767/1899/41 766/1901/41 761/1902/41 759/1900/41 
f 303/322/423 759/1900/423 758/1903/423 301/323/423 
f 758/1903/424 764/1904/424 737/1905/424 301/323/424 
f 440/364/425 738/372/425 763/1906/425 757/1907/425 
f 440/364/426 757/1907/426 760/1908/426 768/1909/426 
f 760/1908/37 762/1910/37 765/1911/37 768/1909/37 
f 440/364/426 768/1909/426 770/1912/426 439/363/426 
f 770/1912/427 772/1913/427 733/371/427 439/363/427 
f 306/326/317 311/1914/317 683/1915/317 677/1916/317 
f 306/326/315 677/1916/315 680/1917/315 308/327/315 
f 680/1917/34 682/1918/34 685/1919/34 688/1920/34 
f 690/1921/318 692/1922/318 694/1923/318 308/327/318 
f 688/1920/315 690/1921/315 308/327/315 680/1917/315 
f 426/357/428 693/358/428 691/1924/428 689/1925/428 
f 426/357/429 689/1925/429 687/1926/429 309/354/429 
f 687/1926/50 686/1927/50 681/1928/50 679/1929/50 
f 309/354/430 687/1926/430 679/1929/430 678/1930/430 
f 678/1930/431 684/1931/431 310/353/431 309/354/431 
f 404/357/45 675/358/45 673/1924/45 671/1925/45 
f 404/357/45 671/1925/45 669/1926/45 321/354/45 
f 669/1926/50 668/1927/50 663/1928/50 661/1929/50 
f 660/1930/36 666/1931/36 323/353/36 321/354/36 
f 661/1929/50 660/1930/50 321/354/50 669/1926/50 
f 322/364/63 324/372/63 665/1906/63 659/1907/63 
f 322/364/63 659/1907/63 662/1908/63 415/363/63 
f 662/1908/34 664/1910/34 667/1911/34 670/1909/34 
f 672/1912/44 674/1913/44 676/371/44 415/363/44 
f 670/1909/34 672/1912/34 415/363/34 662/1908/34 
f 316/364/432 315/372/432 703/1906/432 697/1907/432 
f 316/364/433 697/1907/433 700/1908/433 708/1909/433 
f 700/1908/34 702/1910/34 705/1911/34 708/1909/34 
f 316/364/433 708/1909/433 710/1912/433 393/363/433 
f 710/1912/434 712/1913/434 696/371/434 393/363/434 
f 307/322/435 695/1932/435 711/1933/435 709/1934/435 
f 307/322/436 709/1934/436 707/1935/436 699/1936/436 
f 707/1935/50 706/1937/50 701/1938/50 699/1936/50 
f 307/322/437 699/1936/437 698/1939/437 305/330/437 
f 698/1939/438 704/1940/438 314/1941/438 305/330/438 
f 294/309/439 639/1942/439 629/1943/439 623/1944/439 
f 294/309/440 623/1944/440 626/1917/440 296/310/440 
f 626/1917/35 628/1918/35 631/1919/35 634/1920/35 
f 636/1921/441 638/1922/441 601/1945/441 296/310/441 
f 634/1920/440 636/1921/440 296/310/440 626/1917/440 
f 367/364/442 621/372/442 611/1906/442 605/1907/442 
f 367/364/443 605/1907/443 608/1908/443 368/363/443 
f 608/1908/35 610/1910/35 613/1911/35 616/1909/35 
f 618/1912/444 620/1913/444 603/371/444 368/363/444 
f 616/1909/445 618/1912/445 368/363/445 608/1908/445 
f 295/303/446 600/1932/446 657/1933/446 655/1946/446 
f 295/303/447 655/1946/447 653/1947/447 645/1948/447 
f 653/1947/48 652/1937/48 647/1938/48 645/1948/48 
f 295/303/448 645/1948/448 644/1949/448 293/304/448 
f 644/1949/449 650/1940/449 641/1941/449 293/304/449 
f 353/357/450 604/358/450 619/1924/450 617/1925/450 
f 353/357/451 617/1925/451 615/1926/451 354/354/451 
f 615/1926/48 614/1927/48 609/1928/48 607/1929/48 
f 606/1930/452 612/1931/452 622/353/452 354/354/452 
f 607/1929/453 606/1930/453 354/354/453 615/1926/453 
f 382/357/334 602/358/334 637/1924/334 635/1925/334 
f 382/357/261 635/1925/261 633/1926/261 381/354/261 
f 633/1926/48 632/1927/48 627/1928/48 625/1929/48 
f 381/354/454 633/1926/454 625/1929/454 624/1930/454 
f 624/1930/326 630/1931/326 640/353/326 381/354/326 
f 340/364/455 642/372/455 649/1906/455 643/1907/455 
f 340/364/456 643/1907/456 646/1908/456 654/1909/456 
f 646/1908/35 648/1910/35 651/1911/35 654/1909/35 
f 340/364/456 654/1909/456 656/1912/456 339/363/456 
f 656/1912/457 658/1913/457 599/371/457 339/363/457 
f 300/316/458 548/1950/458 590/1951/458 586/1952/458 
f 300/316/459 586/1952/459 585/1953/459 593/1954/459 
f 585/1953/50 588/1955/50 594/1956/50 593/1954/50 
f 300/316/460 593/1954/460 596/1957/460 299/317/460 
f 596/1957/461 598/1958/461 543/1945/461 299/317/461 
f 523/364/36 546/372/36 558/1959/36 554/1960/36 
f 523/364/49 554/1960/49 553/1961/49 561/1962/49 
f 553/1961/50 556/1963/50 562/1964/50 561/1962/50 
f 523/364/50 561/1962/50 564/1965/50 524/363/50 
f 564/1965/50 566/1966/50 539/371/50 524/363/50 
f 496/364/462 550/372/462 574/1959/462 570/1960/462 
f 496/364/463 570/1960/463 569/1961/463 577/1962/463 
f 569/1961/50 572/1963/50 578/1964/50 577/1962/50 
f 496/364/464 577/1962/464 580/1965/464 495/363/464 
f 580/1965/465 582/1966/465 541/371/465 495/363/465 
f 538/357/466 544/358/466 597/1967/466 595/1968/466 
f 538/357/467 595/1968/467 592/1969/467 584/1970/467 
f 592/1969/34 591/1971/34 587/1972/34 584/1970/34 
f 538/357/467 584/1970/467 583/1973/467 537/354/467 
f 583/1973/468 589/1974/468 547/353/468 537/354/468 
f 509/357/34 540/358/34 565/1967/34 563/1968/34 
f 509/357/46 563/1968/46 560/1969/46 552/1970/46 
f 560/1969/34 559/1971/34 555/1972/34 552/1970/34 
f 509/357/34 552/1970/34 551/1973/34 510/354/34 
f 551/1973/34 557/1974/34 545/353/34 510/354/34 
f 297/312/312 542/1975/312 581/1976/312 579/1977/312 
f 297/312/140 579/1977/140 576/1978/140 568/1979/140 
f 576/1978/34 575/1980/34 571/1981/34 568/1979/34 
f 297/312/140 568/1979/140 567/1982/140 298/313/140 
f 567/1982/322 573/1983/322 549/1984/322 298/313/322 
f 302/326/469 740/1985/469 747/1986/469 741/1916/469 
f 302/326/470 741/1916/470 744/1987/470 752/1988/470 
f 744/1987/37 746/1989/37 749/1990/37 752/1988/37 
f 302/326/470 752/1988/470 754/1991/470 304/327/470 
f 754/1991/471 756/1992/471 735/1993/471 304/327/471 
f 467/364/472 729/372/472 719/1906/472 713/1907/472 
f 716/1908/37 718/1910/37 721/1911/37 724/1909/37 
f 726/1912/473 728/1913/473 732/371/473 468/363/473 
f 724/1909/474 726/1912/474 468/363/474 716/1908/474 
f 713/1907/475 716/1908/475 468/363/475 467/364/475 
f 453/357/476 731/358/476 727/1924/476 725/1925/476 
f 723/1926/41 722/1927/41 717/1928/41 715/1929/41 
f 714/1930/477 720/1931/477 730/353/477 454/354/477 
f 715/1929/478 714/1930/478 454/354/478 723/1926/478 
f 725/1925/479 723/1926/479 454/354/479 453/357/479 
f 482/357/480 736/358/480 755/1924/480 753/1925/480 
f 482/357/481 753/1925/481 751/1926/481 743/1929/481 
f 751/1926/41 750/1927/41 745/1928/41 743/1929/41 
f 482/357/482 743/1929/482 742/1930/482 481/354/482 
f 742/1930/483 748/1931/483 739/353/483 481/354/483 
# 2063 polygons - 76 triangles

#
# object Door
#

v  4.4697 15.0947 20.1886
v  4.4697 17.7422 20.1885
v  -4.6083 17.7422 20.1885
v  -4.6083 15.0947 20.1886
v  -4.6081 31.8415 20.1878
v  -4.6081 29.1940 20.1879
v  4.4701 29.1940 20.1879
v  4.4701 31.8415 20.1878
v  4.4697 17.7423 20.7421
v  4.4698 18.7273 20.7421
v  -4.6082 18.7273 20.7421
v  -4.6083 17.7422 20.7421
v  -4.6081 29.1940 20.7416
v  -4.6081 28.2090 20.7416
v  4.4700 28.2090 20.7416
v  4.4701 29.1940 20.7416
v  -4.2376 18.7272 20.5884
v  -4.2376 18.7272 20.1884
v  -4.6082 18.7272 20.1884
v  -3.2580 18.7272 20.5884
v  -3.2580 18.7272 20.1884
v  4.4698 18.7272 20.1884
v  4.0993 28.2090 20.5879
v  4.0993 28.2090 20.1879
v  4.4700 28.2090 20.1879
v  3.1198 28.2090 20.5879
v  3.1198 28.2090 20.1879
v  -4.6081 28.2090 20.1879
v  4.4697 15.0947 19.7158
v  4.4701 31.8415 19.7150
v  -4.6081 31.8415 19.7150
v  -4.6083 15.0947 19.7158
# 32 vertices

vn -0.0000 0.0000 1.0000
vn 0.0000 1.0000 -0.0001
vn -0.0000 1.0000 -0.0001
vn 0.0000 -1.0000 0.0001
vn -0.0000 -1.0000 0.0001
vn -0.7901 0.6130 -0.0000
vn 0.0000 0.0000 1.0000
vn 0.7901 -0.6130 0.0000
vn 1.0000 -0.0000 0.0000
vn 1.0000 -0.0000 -0.0000
vn -1.0000 0.0000 -0.0000
vn -1.0000 0.0000 0.0000
vn 0.0000 1.0000 -0.0000
vn 0.0000 -1.0000 -0.0000
vn 0.0000 -0.0000 -1.0000
# 15 vertex normals

vt 0.9827 0.0207 0.0000
vt 0.9827 0.1483 0.0000
vt 0.5720 0.1483 0.0000
vt 0.5720 0.0207 0.0000
vt 0.5358 0.9647 0.0000
vt 0.5358 0.8371 0.0000
vt 0.9465 0.8371 0.0000
vt 0.9465 0.9647 0.0000
vt 0.9827 0.1750 0.0000
vt 0.9827 0.2225 0.0000
vt 0.5720 0.2225 0.0000
vt 0.5720 0.1750 0.0000
vt 0.5358 0.8104 0.0000
vt 0.5358 0.7629 0.0000
vt 0.9465 0.7629 0.0000
vt 0.9465 0.8104 0.0000
vt 0.5887 0.2299 0.0000
vt 0.5887 0.2492 0.0000
vt 0.5720 0.2492 0.0000
vt 0.6331 0.2299 0.0000
vt 0.6331 0.2492 0.0000
vt 0.9827 0.2492 0.0000
vt 0.9298 0.7555 0.0000
vt 0.9298 0.7362 0.0000
vt 0.9465 0.7362 0.0000
vt 0.8854 0.7555 0.0000
vt 0.8854 0.7362 0.0000
vt 0.5358 0.7362 0.0000
vt 0.9827 0.7063 0.0000
vt 0.9660 0.7063 0.0000
vt 0.5358 0.2791 0.0000
vt 0.5526 0.2791 0.0000
vt 0.5707 0.2641 0.0000
vt 0.9035 0.7213 0.0000
vt 0.6150 0.2641 0.0000
vt 0.9479 0.7213 0.0000
vt 0.0105 0.7197 0.0000
vt 0.0105 0.6722 0.0000
vt 0.0355 0.6722 0.0000
vt 0.0355 0.7197 0.0000
vt 0.0105 0.2151 0.0000
vt 0.0105 0.1676 0.0000
vt 0.0355 0.1676 0.0000
vt 0.0355 0.2151 0.0000
vt 0.0355 0.0400 0.0000
vt 0.0569 0.0400 0.0000
vt 0.0569 0.8473 0.0000
vt 0.0356 0.8473 0.0000
vt 0.5141 0.1676 0.0000
vt 0.5141 0.2151 0.0000
vt 0.4891 0.2151 0.0000
vt 0.4891 0.1676 0.0000
vt 0.5141 0.6722 0.0000
vt 0.5141 0.7197 0.0000
vt 0.4890 0.7197 0.0000
vt 0.4891 0.6722 0.0000
vt 0.4890 0.8473 0.0000
vt 0.4676 0.8473 0.0000
vt 0.4677 0.0400 0.0000
vt 0.4891 0.0400 0.0000
vt 0.4676 0.8701 0.0000
vt 0.0569 0.8701 0.0000
vt 0.0569 0.0172 0.0000
vt 0.4677 0.0172 0.0000
# 64 texture coords

g Door
usemtl wire_028149177
s off
f 2149/1994/484 2150/1995/484 2151/1996/484 2152/1997/484 
f 2153/1998/484 2154/1999/484 2155/2000/484 2156/2001/484 
f 2157/2002/484 2158/2003/484 2159/2004/484 2160/2005/484 
f 2161/2006/484 2162/2007/484 2163/2008/484 2164/2009/484 
f 2165/2010/485 2166/2011/485 2167/2012/485 2159/2004/485 
f 2165/2010/486 2159/2004/486 2158/2003/486 2168/2013/486 
f 2169/2014/486 2168/2013/486 2158/2003/486 2170/2015/486 
f 2150/1995/487 2157/2002/487 2160/2005/487 2151/1996/487 
f 2171/2016/487 2172/2017/487 2173/2018/487 2163/2008/487 
f 2171/2016/487 2163/2008/487 2162/2007/487 2174/2019/487 
f 2175/2020/488 2174/2019/488 2162/2007/488 2176/2021/488 
f 2154/1999/486 2161/2006/486 2164/2009/486 2155/2000/486 
f 2170/2015/484 2173/2022/484 2172/2023/484 2169/2014/484 
f 2176/2021/484 2167/2024/484 2166/2025/484 2175/2020/484 
f 2166/2025/489 2165/2026/489 2174/2027/489 2175/2020/489 
f 2165/2026/490 2168/2028/490 2171/2029/490 2174/2027/490 
f 2168/2028/491 2169/2014/491 2172/2023/491 2171/2029/491 
f 2164/2030/492 2163/2031/492 2173/2032/492 2155/2033/492 
f 2158/2034/492 2157/2035/492 2150/2036/492 2170/2037/492 
f 2150/2036/492 2149/2038/492 2177/2039/492 2170/2037/492 
f 2173/2032/492 2170/2037/492 2177/2039/492 2155/2033/492 
f 2177/2039/493 2178/2040/493 2156/2041/493 2155/2033/493 
f 2160/2042/494 2159/2043/494 2167/2044/494 2151/2045/494 
f 2162/2046/494 2161/2047/494 2154/2048/494 2176/2049/494 
f 2154/2048/495 2153/2050/495 2179/2051/495 2176/2049/495 
f 2167/2044/495 2176/2049/495 2179/2051/495 2151/2045/495 
f 2179/2051/495 2180/2052/495 2152/2053/495 2151/2045/495 
f 2153/2054/496 2156/2055/496 2178/2040/496 2179/2051/496 
f 2149/2056/497 2152/2057/497 2180/2052/497 2177/2039/497 
f 2178/2040/498 2177/2039/498 2180/2052/498 2179/2051/498 
# 30 polygons

#
# object Shutter
#

v  -17.3469 100.2376 31.3492
v  -17.3470 99.4986 32.2297
v  -7.1931 99.4986 32.2297
v  -7.1930 100.2376 31.3492
v  -7.1932 93.5026 39.3744
v  -7.1932 94.1995 38.5441
v  -17.3473 94.1995 38.5441
v  -17.3474 93.5026 39.3744
v  -17.3470 99.9227 32.5856
v  -17.3470 99.2896 33.3401
v  -7.1931 99.2896 33.3401
v  -7.1931 99.9227 32.5856
v  -7.1932 94.6236 38.9000
v  -7.1932 95.2568 38.1455
v  -17.3473 95.2568 38.1455
v  -17.3473 94.6236 38.9000
v  -9.6259 99.1719 33.2413
v  -9.6259 98.8654 32.9842
v  -7.1931 98.8654 32.9842
v  -10.6054 99.1719 33.2413
v  -10.6054 98.8654 32.9842
v  -17.3470 98.8654 32.9842
v  -14.6762 95.1391 38.0467
v  -14.6762 94.8327 37.7896
v  -17.3473 94.8327 37.7896
v  -13.6967 95.1391 38.0467
v  -13.6967 94.8327 37.7896
v  -7.1932 94.8327 37.7896
v  -17.3469 99.8755 31.0454
v  -17.3474 93.1405 39.0705
v  -7.1932 93.1405 39.0705
v  -7.1930 99.8755 31.0454
v  7.2225 100.2376 31.3492
v  7.2225 99.4986 32.2297
v  17.3764 99.4986 32.2297
v  17.3764 100.2376 31.3492
v  17.3762 93.5026 39.3744
v  17.3763 94.1995 38.5441
v  7.2221 94.1995 38.5441
v  7.2221 93.5026 39.3744
v  7.2225 99.9227 32.5856
v  7.2224 99.2896 33.3401
v  17.3764 99.2896 33.3401
v  17.3764 99.9227 32.5856
v  17.3763 94.6236 38.9000
v  17.3763 95.2568 38.1455
v  7.2222 95.2568 38.1455
v  7.2221 94.6236 38.9000
v  14.9436 99.1719 33.2413
v  14.9436 98.8654 32.9842
v  17.3764 98.8654 32.9842
v  13.9640 99.1719 33.2413
v  13.9640 98.8654 32.9842
v  7.2224 98.8654 32.9842
v  9.8932 95.1391 38.0467
v  9.8932 94.8327 37.7895
v  7.2222 94.8327 37.7896
v  10.8728 95.1391 38.0467
v  10.8728 94.8327 37.7895
v  17.3763 94.8327 37.7895
v  7.2225 99.8754 31.0454
v  7.2221 93.1405 39.0705
v  17.3762 93.1405 39.0705
v  17.3764 99.8754 31.0454
v  -31.3347 100.2376 17.3614
v  -31.3347 100.2376 7.2076
v  -32.2152 99.4986 7.2076
v  -32.2152 99.4986 17.3615
v  -39.3599 93.5026 7.2077
v  -39.3599 93.5026 17.3619
v  -38.5296 94.1995 17.3618
v  -38.5296 94.1995 7.2077
v  -32.5711 99.9227 17.3615
v  -32.5711 99.9227 7.2076
v  -33.3256 99.2896 7.2076
v  -33.3256 99.2896 17.3615
v  -38.8855 94.6236 7.2077
v  -38.8855 94.6236 17.3618
v  -38.1310 95.2568 17.3618
v  -38.1310 95.2568 7.2077
v  -32.9697 98.8654 10.6199
v  -32.9697 98.8654 17.3615
v  -33.2268 99.1718 10.6199
v  -32.9697 98.8654 7.2076
v  -32.9697 98.8654 9.6404
v  -33.2268 99.1719 9.6404
v  -37.7750 94.8327 13.7112
v  -37.7750 94.8327 7.2077
v  -38.0322 95.1391 13.7112
v  -37.7750 94.8327 17.3618
v  -37.7750 94.8327 14.6908
v  -38.0322 95.1391 14.6908
v  -39.0560 93.1405 17.3619
v  -31.0309 99.8754 17.3614
v  -31.0309 99.8754 7.2076
v  -39.0560 93.1405 7.2077
v  -31.3347 100.2376 -7.2080
v  -31.3347 100.2376 -17.3619
v  -32.2152 99.4986 -17.3619
v  -32.2152 99.4986 -7.2080
v  -39.3599 93.5026 -17.3617
v  -39.3599 93.5026 -7.2076
v  -38.5296 94.1995 -7.2076
v  -38.5296 94.1995 -17.3618
v  -32.5711 99.9227 -7.2080
v  -32.5711 99.9227 -17.3619
v  -33.3256 99.2896 -17.3619
v  -33.3256 99.2895 -7.2079
v  -38.8855 94.6236 -17.3618
v  -38.8855 94.6236 -7.2076
v  -38.1310 95.2568 -7.2077
v  -38.1310 95.2568 -17.3618
v  -32.9697 98.8654 -13.9495
v  -32.9697 98.8654 -7.2079
v  -33.2268 99.1718 -13.9495
v  -32.9697 98.8654 -17.3619
v  -32.9697 98.8654 -14.9291
v  -33.2268 99.1718 -14.9291
v  -37.7750 94.8327 -10.8583
v  -37.7750 94.8327 -17.3618
v  -38.0322 95.1391 -10.8583
v  -37.7750 94.8327 -7.2077
v  -37.7750 94.8327 -9.8787
v  -38.0322 95.1391 -9.8787
v  -39.0560 93.1405 -7.2076
v  -31.0309 99.8754 -7.2080
v  -31.0309 99.8754 -17.3619
v  -39.0560 93.1405 -17.3617
v  31.3637 100.2376 17.3614
v  32.2442 99.4986 17.3615
v  32.2442 99.4986 7.2076
v  31.3637 100.2376 7.2076
v  39.3889 93.5026 7.2077
v  38.5586 94.1995 7.2077
v  38.5586 94.1995 17.3618
v  39.3889 93.5026 17.3619
v  32.6001 99.9227 17.3615
v  33.3546 99.2896 17.3615
v  33.3546 99.2896 7.2076
v  32.6001 99.9227 7.2076
v  38.9145 94.6236 7.2077
v  38.1600 95.2568 7.2077
v  38.1600 95.2568 17.3618
v  38.9145 94.6236 17.3618
v  33.2559 99.1719 9.6404
v  32.9987 98.8654 9.6404
v  32.9987 98.8654 7.2076
v  33.2559 99.1719 10.6199
v  32.9987 98.8655 10.6199
v  32.9987 98.8654 17.3615
v  38.0612 95.1391 14.6908
v  37.8041 94.8327 14.6908
v  37.8041 94.8327 17.3618
v  38.0612 95.1391 13.7112
v  37.8041 94.8327 13.7112
v  37.8041 94.8327 7.2077
v  31.0599 99.8755 17.3614
v  39.0850 93.1405 17.3619
v  39.0850 93.1405 7.2077
v  31.0599 99.8755 7.2076
v  31.3637 100.2376 -7.2080
v  32.2442 99.4986 -7.2080
v  32.2442 99.4986 -17.3619
v  31.3637 100.2376 -17.3619
v  39.3889 93.5026 -17.3617
v  38.5586 94.1995 -17.3617
v  38.5586 94.1995 -7.2076
v  39.3889 93.5026 -7.2076
v  32.6001 99.9227 -7.2080
v  33.3546 99.2896 -7.2079
v  33.3546 99.2896 -17.3619
v  32.6001 99.9227 -17.3619
v  38.9145 94.6236 -17.3617
v  38.1600 95.2568 -17.3618
v  38.1600 95.2568 -7.2077
v  38.9145 94.6236 -7.2076
v  33.2559 99.1719 -14.9291
v  32.9987 98.8654 -14.9291
v  32.9987 98.8654 -17.3619
v  33.2559 99.1719 -13.9495
v  32.9987 98.8654 -13.9495
v  32.9987 98.8654 -7.2079
v  38.0612 95.1391 -9.8787
v  37.8041 94.8327 -9.8787
v  37.8041 94.8327 -7.2077
v  38.0612 95.1391 -10.8583
v  37.8041 94.8327 -10.8583
v  37.8041 94.8327 -17.3618
v  31.0599 99.8754 -7.2080
v  39.0850 93.1405 -7.2076
v  39.0850 93.1405 -17.3617
v  31.0599 99.8754 -17.3619
v  7.2225 100.2376 -31.3492
v  17.3764 100.2376 -31.3492
v  17.3764 99.4986 -32.2297
v  7.2225 99.4986 -32.2297
v  17.3762 93.5026 -39.3744
v  7.2221 93.5026 -39.3744
v  7.2221 94.1995 -38.5441
v  17.3763 94.1995 -38.5441
v  7.2225 99.9227 -32.5856
v  17.3764 99.9227 -32.5856
v  17.3764 99.2896 -33.3401
v  7.2224 99.2895 -33.3401
v  17.3763 94.6236 -38.9000
v  7.2221 94.6236 -38.9000
v  7.2222 95.2568 -38.1455
v  17.3763 95.2568 -38.1454
v  13.9640 98.8654 -32.9842
v  7.2224 98.8654 -32.9842
v  13.9640 99.1718 -33.2413
v  17.3764 98.8654 -32.9842
v  14.9436 98.8654 -32.9842
v  14.9436 99.1718 -33.2413
v  10.8728 94.8327 -37.7895
v  17.3763 94.8327 -37.7895
v  10.8728 95.1391 -38.0467
v  7.2222 94.8327 -37.7895
v  9.8932 94.8327 -37.7895
v  9.8932 95.1391 -38.0467
v  7.2221 93.1405 -39.0705
v  7.2225 99.8754 -31.0454
v  17.3764 99.8754 -31.0454
v  17.3762 93.1405 -39.0705
v  -17.3469 100.2376 -31.3492
v  -7.1930 100.2376 -31.3492
v  -7.1931 99.4986 -32.2297
v  -17.3470 99.4986 -32.2297
v  -7.1932 93.5026 -39.3744
v  -17.3474 93.5026 -39.3744
v  -17.3473 94.1995 -38.5441
v  -7.1932 94.1995 -38.5441
v  -17.3470 99.9227 -32.5856
v  -7.1931 99.9227 -32.5856
v  -7.1931 99.2896 -33.3401
v  -17.3470 99.2895 -33.3401
v  -7.1932 94.6236 -38.9000
v  -17.3473 94.6236 -38.9000
v  -17.3473 95.2568 -38.1455
v  -7.1932 95.2568 -38.1454
v  -10.6054 98.8654 -32.9842
v  -17.3470 98.8654 -32.9842
v  -10.6054 99.1718 -33.2413
v  -7.1931 98.8654 -32.9842
v  -9.6259 98.8654 -32.9842
v  -9.6259 99.1718 -33.2413
v  -13.6967 94.8327 -37.7895
v  -7.1932 94.8327 -37.7895
v  -13.6967 95.1391 -38.0467
v  -17.3473 94.8327 -37.7895
v  -14.6762 94.8327 -37.7895
v  -14.6762 95.1391 -38.0467
v  -17.3474 93.1405 -39.0705
v  -17.3469 99.8754 -31.0454
v  -7.1930 99.8754 -31.0454
v  -7.1932 93.1405 -39.0705
# 256 vertices

vn -0.0000 0.7660 0.6429
vn 0.0000 0.7660 0.6429
vn 0.0000 0.7660 0.6428
vn -0.0000 -0.6428 0.7660
vn 0.0000 -0.6429 0.7660
vn 0.0000 -0.6428 0.7660
vn -0.0000 0.6428 -0.7660
vn -0.0000 0.6429 -0.7660
vn 0.0000 0.6428 -0.7660
vn -0.0000 0.7660 0.6428
vn 0.8389 -0.3499 0.4170
vn -0.8389 0.3499 -0.4170
vn -1.0000 0.0000 -0.0000
vn -1.0000 0.0000 -0.0001
vn -1.0000 -0.0000 -0.0001
vn -1.0000 0.0001 -0.0000
vn 1.0000 -0.0000 0.0000
vn 1.0000 -0.0000 -0.0000
vn 1.0000 0.0000 0.0000
vn 0.0000 -0.7660 -0.6428
vn -0.6429 0.7660 0.0000
vn -0.6429 0.7660 -0.0000
vn -0.6428 0.7660 -0.0000
vn -0.7660 -0.6428 -0.0000
vn -0.7660 -0.6428 0.0000
vn -0.7660 -0.6429 -0.0000
vn 0.7660 0.6428 0.0000
vn 0.7660 0.6428 -0.0000
vn 0.7660 0.6429 0.0000
vn -0.6428 0.7660 0.0000
vn -0.4170 -0.3499 -0.8389
vn 0.4170 0.3499 0.8389
vn 0.0000 0.0001 1.0000
vn 0.0001 0.0000 1.0000
vn 0.0000 0.0000 1.0000
vn 0.0001 -0.0000 1.0000
vn -0.0000 0.0000 -1.0000
vn -0.0000 -0.0000 -1.0000
vn 0.0000 -0.0000 -1.0000
vn 0.6428 -0.7660 -0.0000
vn 0.6428 -0.7660 0.0000
vn 0.6429 0.7660 0.0000
vn 0.6429 0.7660 -0.0000
vn 0.6428 0.7660 0.0000
vn 0.6428 0.7660 -0.0000
vn 0.7660 -0.6428 0.0000
vn 0.7659 -0.6429 -0.0000
vn 0.7660 -0.6428 -0.0000
vn -0.7660 0.6428 0.0000
vn -0.7660 0.6429 0.0000
vn -0.7660 0.6428 -0.0000
vn 0.4170 -0.3499 -0.8389
vn -0.4170 0.3499 0.8389
vn -0.0000 0.0000 1.0000
vn -0.0001 0.0000 1.0000
vn -0.0001 -0.0000 1.0000
vn -0.0000 0.0001 1.0000
vn 0.0000 0.0000 -1.0000
vn -0.7661 0.6428 -0.0000
vn -0.6428 -0.7660 0.0000
vn 0.7660 -0.6429 -0.0000
vn -0.0000 0.7660 -0.6429
vn 0.0000 0.7660 -0.6429
vn -0.0000 0.7660 -0.6428
vn 0.0000 0.7660 -0.6428
vn 0.0000 -0.6428 -0.7660
vn -0.0000 -0.6428 -0.7660
vn 0.0000 -0.6429 -0.7660
vn -0.0000 0.6428 0.7660
vn 0.0000 0.6428 0.7660
vn -0.0000 0.6429 0.7660
vn 0.8389 -0.3499 -0.4170
vn -0.8389 0.3499 0.4170
vn -1.0000 0.0001 0.0000
vn -1.0000 0.0000 0.0001
vn -1.0000 0.0000 0.0000
vn -1.0000 -0.0000 0.0001
vn 1.0000 0.0000 -0.0000
vn 0.0000 -0.7660 0.6428
# 79 vertex normals

vt 0.5767 0.1261 0.0000
vt 0.5767 0.0956 0.0000
vt 0.9834 0.0956 0.0000
vt 0.9834 0.1261 0.0000
vt 0.9833 0.4314 0.0000
vt 0.9833 0.4606 0.0000
vt 0.5767 0.4606 0.0000
vt 0.5767 0.4314 0.0000
vt 0.5767 0.0808 0.0000
vt 0.5767 0.0504 0.0000
vt 0.9834 0.0504 0.0000
vt 0.9834 0.0808 0.0000
vt 0.9833 0.4754 0.0000
vt 0.9833 0.5058 0.0000
vt 0.5767 0.5058 0.0000
vt 0.5767 0.4754 0.0000
vt 0.8858 0.0462 0.0000
vt 0.8858 0.0355 0.0000
vt 0.9834 0.0356 0.0000
vt 0.8466 0.0462 0.0000
vt 0.8466 0.0355 0.0000
vt 0.5767 0.0356 0.0000
vt 0.6836 0.5098 0.0000
vt 0.6836 0.5205 0.0000
vt 0.5767 0.5206 0.0000
vt 0.7228 0.5098 0.0000
vt 0.7228 0.5205 0.0000
vt 0.9833 0.5206 0.0000
vt 0.0306 0.1104 0.0000
vt 0.0307 0.3962 0.0000
vt 0.1393 0.3958 0.0000
vt 0.3250 0.1104 0.0000
vt 0.5228 0.4222 0.0000
vt 0.5214 0.1396 0.0000
vt 0.4001 0.1396 0.0000
vt 0.2149 0.4241 0.0000
vt 0.3842 0.1259 0.0000
vt 0.1961 0.4109 0.0000
vt 0.3425 0.1232 0.0000
vt 0.1560 0.4098 0.0000
vt 0.0531 0.4409 0.0000
vt 0.0532 0.3963 0.0000
vt 0.0307 0.4410 0.0000
vt 0.0538 0.1104 0.0000
vt 0.0538 0.0656 0.0000
vt 0.0306 0.0656 0.0000
vt 0.0306 0.0147 0.0000
vt 0.0109 0.0147 0.0000
vt 0.0109 0.4919 0.0000
vt 0.0307 0.4919 0.0000
vt 0.4981 0.0885 0.0000
vt 0.4981 0.1396 0.0000
vt 0.5221 0.0885 0.0000
vt 0.4994 0.4221 0.0000
vt 0.4993 0.4676 0.0000
vt 0.5223 0.4676 0.0000
vt 0.5223 0.5183 0.0000
vt 0.5420 0.5183 0.0000
vt 0.5413 0.0373 0.0000
vt 0.5221 0.0373 0.0000
vt 0.5767 0.4188 0.0000
vt 0.9833 0.4188 0.0000
vt 0.9834 0.1387 0.0000
vt 0.5767 0.1387 0.0000
# 64 texture coords

g Shutter
usemtl wire_028149177
s off
f 2181/2058/499 2182/2059/499 2183/2060/499 2184/2061/499 
f 2185/2062/500 2186/2063/500 2187/2064/500 2188/2065/500 
f 2189/2066/501 2190/2067/501 2191/2068/501 2192/2069/501 
f 2193/2070/501 2194/2071/501 2195/2072/501 2196/2073/501 
f 2197/2074/502 2198/2075/502 2199/2076/502 2191/2068/502 
f 2197/2074/503 2191/2068/503 2190/2067/503 2200/2077/503 
f 2201/2078/504 2200/2077/504 2190/2067/504 2202/2079/504 
f 2182/2059/505 2189/2066/505 2192/2069/505 2183/2060/505 
f 2203/2080/505 2204/2081/505 2205/2082/505 2195/2072/505 
f 2203/2080/506 2195/2072/506 2194/2071/506 2206/2083/506 
f 2207/2084/507 2206/2083/507 2194/2071/507 2208/2085/507 
f 2186/2063/504 2193/2070/504 2196/2073/504 2187/2064/504 
f 2202/2086/508 2205/2087/508 2204/2088/508 2201/2089/508 
f 2208/2090/501 2199/2091/501 2198/2092/501 2207/2093/501 
f 2198/2092/509 2197/2094/509 2206/2095/509 2207/2093/509 
f 2197/2094/501 2200/2096/501 2203/2097/501 2206/2095/501 
f 2200/2096/510 2201/2089/510 2204/2088/510 2203/2097/510 
f 2196/2098/511 2195/2099/511 2205/2087/511 2187/2100/511 
f 2190/2101/511 2189/2102/511 2182/2103/511 2202/2086/511 
f 2182/2103/512 2181/2104/512 2209/2105/512 2202/2086/512 
f 2205/2087/513 2202/2086/513 2209/2105/513 2187/2100/513 
f 2209/2105/514 2210/2106/514 2188/2107/514 2187/2100/514 
f 2192/2108/515 2191/2109/515 2199/2091/515 2183/2110/515 
f 2194/2111/515 2193/2112/515 2186/2113/515 2208/2090/515 
f 2186/2113/515 2185/2114/515 2211/2115/515 2208/2090/515 
f 2199/2091/516 2208/2090/516 2211/2115/516 2183/2110/516 
f 2211/2115/517 2212/2116/517 2184/2117/517 2183/2110/517 
f 2185/2062/504 2188/2065/504 2210/2118/504 2211/2119/504 
f 2181/2058/507 2184/2061/507 2212/2120/507 2209/2121/507 
f 2210/2118/518 2209/2121/518 2212/2120/518 2211/2119/518 
f 2213/2058/499 2214/2059/499 2215/2060/499 2216/2061/499 
f 2217/2062/500 2218/2063/500 2219/2064/500 2220/2065/500 
f 2221/2066/501 2222/2067/501 2223/2068/501 2224/2069/501 
f 2225/2070/501 2226/2071/501 2227/2072/501 2228/2073/501 
f 2229/2074/502 2230/2075/502 2231/2076/502 2223/2068/502 
f 2229/2074/503 2223/2068/503 2222/2067/503 2232/2077/503 
f 2233/2078/504 2232/2077/504 2222/2067/504 2234/2079/504 
f 2214/2059/505 2221/2066/505 2224/2069/505 2215/2060/505 
f 2235/2080/505 2236/2081/505 2237/2082/505 2227/2072/505 
f 2235/2080/506 2227/2072/506 2226/2071/506 2238/2083/506 
f 2239/2084/507 2238/2083/507 2226/2071/507 2240/2085/507 
f 2218/2063/504 2225/2070/504 2228/2073/504 2219/2064/504 
f 2234/2086/508 2237/2087/508 2236/2088/508 2233/2089/508 
f 2240/2090/501 2231/2091/501 2230/2092/501 2239/2093/501 
f 2230/2092/509 2229/2094/509 2238/2095/509 2239/2093/509 
f 2229/2094/501 2232/2096/501 2235/2097/501 2238/2095/501 
f 2232/2096/510 2233/2089/510 2236/2088/510 2235/2097/510 
f 2228/2098/511 2227/2099/511 2237/2087/511 2219/2100/511 
f 2222/2101/511 2221/2102/511 2214/2103/511 2234/2086/511 
f 2214/2103/512 2213/2104/512 2241/2105/512 2234/2086/512 
f 2237/2087/513 2234/2086/513 2241/2105/513 2219/2100/513 
f 2241/2105/514 2242/2106/514 2220/2107/514 2219/2100/514 
f 2224/2108/515 2223/2109/515 2231/2091/515 2215/2110/515 
f 2226/2111/515 2225/2112/515 2218/2113/515 2240/2090/515 
f 2218/2113/515 2217/2114/515 2243/2115/515 2240/2090/515 
f 2231/2091/516 2240/2090/516 2243/2115/516 2215/2110/516 
f 2243/2115/517 2244/2116/517 2216/2117/517 2215/2110/517 
f 2217/2062/504 2220/2065/504 2242/2118/504 2243/2119/504 
f 2213/2058/507 2216/2061/507 2244/2120/507 2241/2121/507 
f 2242/2118/518 2241/2121/518 2244/2120/518 2243/2119/518 
f 2245/2058/519 2246/2061/519 2247/2060/519 2248/2059/519 
f 2249/2062/520 2250/2065/520 2251/2064/520 2252/2063/520 
f 2253/2066/521 2254/2069/521 2255/2068/521 2256/2067/521 
f 2257/2070/521 2258/2073/521 2259/2072/521 2260/2071/521 
f 2261/2078/522 2262/2079/522 2256/2067/522 2263/2077/522 
f 2264/2076/523 2265/2075/523 2266/2074/523 2255/2068/523 
f 2256/2067/524 2255/2068/524 2266/2074/524 2263/2077/524 
f 2248/2059/525 2247/2060/525 2254/2069/525 2253/2066/525 
f 2267/2084/526 2268/2085/526 2260/2071/526 2269/2083/526 
f 2270/2082/525 2271/2081/525 2272/2080/525 2259/2072/525 
f 2260/2071/527 2259/2072/527 2272/2080/527 2269/2083/527 
f 2252/2063/522 2251/2064/522 2258/2073/522 2257/2070/522 
f 2262/2086/528 2261/2089/528 2271/2088/528 2270/2087/528 
f 2268/2090/528 2267/2093/528 2265/2092/528 2264/2091/528 
f 2265/2092/529 2267/2093/529 2269/2095/529 2266/2094/529 
f 2266/2094/528 2269/2095/528 2272/2097/528 2263/2096/528 
f 2263/2096/530 2272/2097/530 2271/2088/530 2261/2089/530 
f 2250/2107/531 2273/2106/531 2274/2105/531 2251/2100/531 
f 2274/2105/532 2245/2104/532 2248/2103/532 2262/2086/532 
f 2248/2103/533 2253/2102/533 2256/2101/533 2262/2086/533 
f 2274/2105/534 2262/2086/534 2270/2087/534 2251/2100/534 
f 2270/2087/533 2259/2099/533 2258/2098/533 2251/2100/533 
f 2246/2117/535 2275/2116/535 2276/2115/535 2247/2110/535 
f 2276/2115/536 2249/2114/536 2252/2113/536 2268/2090/536 
f 2252/2113/536 2257/2112/536 2260/2111/536 2268/2090/536 
f 2276/2115/537 2268/2090/537 2264/2091/537 2247/2110/537 
f 2264/2091/536 2255/2109/536 2254/2108/536 2247/2110/536 
f 2249/2062/522 2276/2119/522 2273/2118/522 2250/2065/522 
f 2245/2058/526 2274/2121/526 2275/2120/526 2246/2061/526 
f 2273/2118/538 2276/2119/538 2275/2120/538 2274/2121/538 
f 2277/2058/520 2278/2061/520 2279/2060/520 2280/2059/520 
f 2281/2062/520 2282/2065/520 2283/2064/520 2284/2063/520 
f 2285/2066/521 2286/2069/521 2287/2068/521 2288/2067/521 
f 2289/2070/521 2290/2073/521 2291/2072/521 2292/2071/521 
f 2293/2078/522 2294/2079/522 2288/2067/522 2295/2077/522 
f 2296/2076/523 2297/2075/523 2298/2074/523 2287/2068/523 
f 2288/2067/524 2287/2068/524 2298/2074/524 2295/2077/524 
f 2280/2059/525 2279/2060/525 2286/2069/525 2285/2066/525 
f 2299/2084/526 2300/2085/526 2292/2071/526 2301/2083/526 
f 2302/2082/525 2303/2081/525 2304/2080/525 2291/2072/525 
f 2292/2071/527 2291/2072/527 2304/2080/527 2301/2083/527 
f 2284/2063/522 2283/2064/522 2290/2073/522 2289/2070/522 
f 2294/2086/528 2293/2089/528 2303/2088/528 2302/2087/528 
f 2300/2090/528 2299/2093/528 2297/2092/528 2296/2091/528 
f 2297/2092/529 2299/2093/529 2301/2095/529 2298/2094/529 
f 2298/2094/528 2301/2095/528 2304/2097/528 2295/2096/528 
f 2295/2096/530 2304/2097/530 2303/2088/530 2293/2089/530 
f 2282/2107/531 2305/2106/531 2306/2105/531 2283/2100/531 
f 2306/2105/532 2277/2104/532 2280/2103/532 2294/2086/532 
f 2280/2103/533 2285/2102/533 2288/2101/533 2294/2086/533 
f 2306/2105/534 2294/2086/534 2302/2087/534 2283/2100/534 
f 2302/2087/533 2291/2099/533 2290/2098/533 2283/2100/533 
f 2278/2117/535 2307/2116/535 2308/2115/535 2279/2110/535 
f 2308/2115/536 2281/2114/536 2284/2113/536 2300/2090/536 
f 2284/2113/536 2289/2112/536 2292/2111/536 2300/2090/536 
f 2308/2115/537 2300/2090/537 2296/2091/537 2279/2110/537 
f 2296/2091/536 2287/2109/536 2286/2108/536 2279/2110/536 
f 2281/2062/522 2308/2119/522 2305/2118/522 2282/2065/522 
f 2277/2058/526 2306/2121/526 2307/2120/526 2278/2061/526 
f 2305/2118/539 2308/2119/539 2307/2120/539 2306/2121/539 
f 2309/2058/540 2310/2059/540 2311/2060/540 2312/2061/540 
f 2313/2062/541 2314/2063/541 2315/2064/541 2316/2065/541 
f 2317/2066/542 2318/2067/542 2319/2068/542 2320/2069/542 
f 2321/2070/543 2322/2071/543 2323/2072/543 2324/2073/543 
f 2325/2074/544 2326/2075/544 2327/2076/544 2319/2068/544 
f 2325/2074/545 2319/2068/545 2318/2067/545 2328/2077/545 
f 2329/2078/546 2328/2077/546 2318/2067/546 2330/2079/546 
f 2310/2059/547 2317/2066/547 2320/2069/547 2311/2060/547 
f 2331/2080/547 2332/2081/547 2333/2082/547 2323/2072/547 
f 2331/2080/548 2323/2072/548 2322/2071/548 2334/2083/548 
f 2335/2084/549 2334/2083/549 2322/2071/549 2336/2085/549 
f 2314/2063/546 2321/2070/546 2324/2073/546 2315/2064/546 
f 2330/2086/542 2333/2087/542 2332/2088/542 2329/2089/542 
f 2336/2090/543 2327/2091/543 2326/2092/543 2335/2093/543 
f 2326/2092/550 2325/2094/550 2334/2095/550 2335/2093/550 
f 2325/2094/542 2328/2096/542 2331/2097/542 2334/2095/542 
f 2328/2096/551 2329/2089/551 2332/2088/551 2331/2097/551 
f 2324/2098/552 2323/2099/552 2333/2087/552 2315/2100/552 
f 2318/2101/552 2317/2102/552 2310/2103/552 2330/2086/552 
f 2310/2103/553 2309/2104/553 2337/2105/553 2330/2086/553 
f 2333/2087/554 2330/2086/554 2337/2105/554 2315/2100/554 
f 2337/2105/555 2338/2106/555 2316/2107/555 2315/2100/555 
f 2320/2108/537 2319/2109/537 2327/2091/537 2311/2110/537 
f 2322/2111/537 2321/2112/537 2314/2113/537 2336/2090/537 
f 2314/2113/537 2313/2114/537 2339/2115/537 2336/2090/537 
f 2327/2091/536 2336/2090/536 2339/2115/536 2311/2110/536 
f 2339/2115/556 2340/2116/556 2312/2117/556 2311/2110/556 
f 2313/2062/546 2316/2065/546 2338/2118/546 2339/2119/546 
f 2309/2058/557 2312/2061/557 2340/2120/557 2337/2121/557 
f 2338/2118/558 2337/2121/558 2340/2120/558 2339/2119/558 
f 2341/2058/541 2342/2059/541 2343/2060/541 2344/2061/541 
f 2345/2062/540 2346/2063/540 2347/2064/540 2348/2065/540 
f 2349/2066/543 2350/2067/543 2351/2068/543 2352/2069/543 
f 2353/2070/543 2354/2071/543 2355/2072/543 2356/2073/543 
f 2357/2074/544 2358/2075/544 2359/2076/544 2351/2068/544 
f 2357/2074/559 2351/2068/559 2350/2067/559 2360/2077/559 
f 2361/2078/546 2360/2077/546 2350/2067/546 2362/2079/546 
f 2342/2059/547 2349/2066/547 2352/2069/547 2343/2060/547 
f 2363/2080/547 2364/2081/547 2365/2082/547 2355/2072/547 
f 2363/2080/548 2355/2072/548 2354/2071/548 2366/2083/548 
f 2367/2084/549 2366/2083/549 2354/2071/549 2368/2085/549 
f 2346/2063/546 2353/2070/546 2356/2073/546 2347/2064/546 
f 2362/2086/542 2365/2087/542 2364/2088/542 2361/2089/542 
f 2368/2090/543 2359/2091/543 2358/2092/543 2367/2093/543 
f 2358/2092/550 2357/2094/550 2366/2095/550 2367/2093/550 
f 2357/2094/542 2360/2096/542 2363/2097/542 2366/2095/542 
f 2360/2096/551 2361/2089/551 2364/2088/551 2363/2097/551 
f 2356/2098/552 2355/2099/552 2365/2087/552 2347/2100/552 
f 2350/2101/552 2349/2102/552 2342/2103/552 2362/2086/552 
f 2342/2103/553 2341/2104/553 2369/2105/553 2362/2086/553 
f 2365/2087/554 2362/2086/554 2369/2105/554 2347/2100/554 
f 2369/2105/555 2370/2106/555 2348/2107/555 2347/2100/555 
f 2352/2108/537 2351/2109/537 2359/2091/537 2343/2110/537 
f 2354/2111/537 2353/2112/537 2346/2113/537 2368/2090/537 
f 2346/2113/537 2345/2114/537 2371/2115/537 2368/2090/537 
f 2359/2091/536 2368/2090/536 2371/2115/536 2343/2110/536 
f 2371/2115/556 2372/2116/556 2344/2117/556 2343/2110/556 
f 2345/2062/546 2348/2065/546 2370/2118/546 2371/2119/546 
f 2341/2058/557 2344/2061/557 2372/2120/557 2369/2121/557 
f 2370/2118/558 2369/2121/558 2372/2120/558 2371/2119/558 
f 2373/2058/560 2374/2061/560 2375/2060/560 2376/2059/560 
f 2377/2062/561 2378/2065/561 2379/2064/561 2380/2063/561 
f 2381/2066/562 2382/2069/562 2383/2068/562 2384/2067/562 
f 2385/2070/563 2386/2073/563 2387/2072/563 2388/2071/563 
f 2389/2078/564 2390/2079/564 2384/2067/564 2391/2077/564 
f 2392/2076/565 2393/2075/565 2394/2074/565 2383/2068/565 
f 2384/2067/566 2383/2068/566 2394/2074/566 2391/2077/566 
f 2376/2059/567 2375/2060/567 2382/2069/567 2381/2066/567 
f 2395/2084/568 2396/2085/568 2388/2071/568 2397/2083/568 
f 2398/2082/567 2399/2081/567 2400/2080/567 2387/2072/567 
f 2388/2071/569 2387/2072/569 2400/2080/569 2397/2083/569 
f 2380/2063/564 2379/2064/564 2386/2073/564 2385/2070/564 
f 2390/2086/562 2389/2089/562 2399/2088/562 2398/2087/562 
f 2396/2090/563 2395/2093/563 2393/2092/563 2392/2091/563 
f 2393/2092/570 2395/2093/570 2397/2095/570 2394/2094/570 
f 2394/2094/563 2397/2095/563 2400/2097/563 2391/2096/563 
f 2391/2096/571 2400/2097/571 2399/2088/571 2389/2089/571 
f 2378/2107/572 2401/2106/572 2402/2105/572 2379/2100/572 
f 2402/2105/573 2373/2104/573 2376/2103/573 2390/2086/573 
f 2376/2103/574 2381/2102/574 2384/2101/574 2390/2086/574 
f 2402/2105/575 2390/2086/575 2398/2087/575 2379/2100/575 
f 2398/2087/574 2387/2099/574 2386/2098/574 2379/2100/574 
f 2374/2117/576 2403/2116/576 2404/2115/576 2375/2110/576 
f 2404/2115/516 2377/2114/516 2380/2113/516 2396/2090/516 
f 2380/2113/516 2385/2112/516 2388/2111/516 2396/2090/516 
f 2404/2115/515 2396/2090/515 2392/2091/515 2375/2110/515 
f 2392/2091/516 2383/2109/516 2382/2108/516 2375/2110/516 
f 2377/2062/564 2404/2119/564 2401/2118/564 2378/2065/564 
f 2373/2058/568 2402/2121/568 2403/2120/568 2374/2061/568 
f 2401/2118/577 2404/2119/577 2403/2120/577 2402/2121/577 
f 2405/2058/560 2406/2061/560 2407/2060/560 2408/2059/560 
f 2409/2062/561 2410/2065/561 2411/2064/561 2412/2063/561 
f 2413/2066/562 2414/2069/562 2415/2068/562 2416/2067/562 
f 2417/2070/563 2418/2073/563 2419/2072/563 2420/2071/563 
f 2421/2078/564 2422/2079/564 2416/2067/564 2423/2077/564 
f 2424/2076/565 2425/2075/565 2426/2074/565 2415/2068/565 
f 2416/2067/566 2415/2068/566 2426/2074/566 2423/2077/566 
f 2408/2059/567 2407/2060/567 2414/2069/567 2413/2066/567 
f 2427/2084/568 2428/2085/568 2420/2071/568 2429/2083/568 
f 2430/2082/567 2431/2081/567 2432/2080/567 2419/2072/567 
f 2420/2071/569 2419/2072/569 2432/2080/569 2429/2083/569 
f 2412/2063/564 2411/2064/564 2418/2073/564 2417/2070/564 
f 2422/2086/562 2421/2089/562 2431/2088/562 2430/2087/562 
f 2428/2090/563 2427/2093/563 2425/2092/563 2424/2091/563 
f 2425/2092/570 2427/2093/570 2429/2095/570 2426/2094/570 
f 2426/2094/563 2429/2095/563 2432/2097/563 2423/2096/563 
f 2423/2096/571 2432/2097/571 2431/2088/571 2421/2089/571 
f 2410/2107/572 2433/2106/572 2434/2105/572 2411/2100/572 
f 2434/2105/573 2405/2104/573 2408/2103/573 2422/2086/573 
f 2408/2103/574 2413/2102/574 2416/2101/574 2422/2086/574 
f 2434/2105/575 2422/2086/575 2430/2087/575 2411/2100/575 
f 2430/2087/574 2419/2099/574 2418/2098/574 2411/2100/574 
f 2406/2117/576 2435/2116/576 2436/2115/576 2407/2110/576 
f 2436/2115/516 2409/2114/516 2412/2113/516 2428/2090/516 
f 2412/2113/516 2417/2112/516 2420/2111/516 2428/2090/516 
f 2436/2115/515 2428/2090/515 2424/2091/515 2407/2110/515 
f 2424/2091/516 2415/2109/516 2414/2108/516 2407/2110/516 
f 2409/2062/564 2436/2119/564 2433/2118/564 2410/2065/564 
f 2405/2058/568 2434/2121/568 2435/2120/568 2406/2061/568 
f 2433/2118/577 2436/2119/577 2435/2120/577 2434/2121/577 
# 240 polygons

